,temperature,rainfall,temp_min,temp_max,label
0,20.87974371,202.9355362,18,28,rice
1,21.77046169,226.6555374,18,28,rice
2,23.00445915,263.9642476,18,28,rice
3,26.49109635,242.8640342,18,28,rice
4,20.13017482,262.7173405,18,28,rice
5,23.05804872,251.0549998,18,28,rice
6,22.70883798,271.3248604,18,28,rice
7,20.27774362,241.9741949,18,28,rice
8,24.51588066,230.4462359,18,28,rice
9,23.22397386,221.2091958,18,28,rice
10,26.52723513,264.6148697,18,28,rice
11,23.97898217,250.0832336,18,28,rice
12,26.80079604,284.4364567,18,28,rice
13,24.01497622,185.2773389,18,28,rice
14,25.66585205,209.5869708,18,28,rice
15,24.28209415,231.0863347,18,28,rice
16,21.58711777,276.6552459,18,28,rice
17,23.79391957,206.2611855,18,28,rice
18,21.8652524,224.5550169,18,28,rice
19,23.57943626,291.2986618,18,28,rice
20,21.32504158,185.4974732,18,28,rice
21,25.15745531,231.3843163,18,28,rice
22,21.94766735,213.3560921,18,28,rice
23,21.0525355,233.1075816,18,28,rice
24,23.48381344,224.0581164,18,28,rice
25,25.0756354,257.0038865,18,28,rice
26,26.35927159,271.3586137,18,28,rice
27,24.52922681,260.2634026,18,28,rice
28,20.77576147,240.0810647,18,28,rice
29,22.30157427,197.9791215,18,28,rice
30,21.44653958,272.2017204,18,28,rice
31,22.17931888,200.0882787,18,28,rice
32,24.52783742,224.6757231,18,28,rice
33,20.26707606,270.4417274,18,28,rice
34,25.7354293,233.1321372,18,28,rice
35,26.79533926,193.3473987,18,28,rice
36,26.75754171,272.2999056,18,28,rice
37,23.86330467,285.2493645,18,28,rice
38,21.01944696,298.4018471,18,28,rice
39,24.17298839,257.0343554,18,28,rice
40,22.78133816,248.7183228,18,28,rice
41,25.62980105,209.9001977,18,28,rice
42,25.59704938,200.834898,18,28,rice
43,23.83067496,298.5601175,18,28,rice
44,26.31355498,265.5355937,18,28,rice
45,24.8972823,183.6793207,18,28,rice
46,24.958779,196.9560008,18,28,rice
47,23.24113501,233.0453455,18,28,rice
48,21.66628296,210.8142087,18,28,rice
49,24.63544858,253.7202781,18,28,rice
50,23.43121862,219.9048349,18,28,rice
51,20.0454142,208.5810155,18,28,rice
52,23.85724032,195.0948311,18,28,rice
53,21.97199397,227.3637009,18,28,rice
54,26.22916897,286.5083725,18,28,rice
55,23.44676801,283.9338466,18,28,rice
56,25.65553461,217.3788583,18,28,rice
57,24.44345477,267.9761948,18,28,rice
58,20.2801937,191.9535738,18,28,rice
59,21.7238313,277.9626192,18,28,rice
60,20.41447029,245.1511304,18,28,rice
61,25.75528612,245.6626799,18,28,rice
62,20.61521424,279.5451717,18,28,rice
63,21.84106875,202.3838319,18,28,rice
64,20.08369642,263.6372176,18,28,rice
65,24.45802087,182.5616319,18,28,rice
66,21.14347496,198.6730942,18,28,rice
67,25.78720567,243.5120414,18,28,rice
68,23.64124821,263.1103304,18,28,rice
69,23.43191632,269.5039162,18,28,rice
70,24.97669518,204.8001847,18,28,rice
71,22.72791041,260.8875056,18,28,rice
72,24.87300744,295.6094492,18,28,rice
73,21.32376327,192.3197536,18,28,rice
74,26.29465461,257.4914906,18,28,rice
75,22.2286982,278.0791793,18,28,rice
76,26.73072391,280.4044392,18,28,rice
77,24.88921174,185.9461429,18,28,rice
78,26.88444878,194.5766559,18,28,rice
79,22.67846116,200.9133156,18,28,rice
80,26.08867875,182.9043504,18,28,rice
81,25.42977518,195.3574542,18,28,rice
82,26.40323239,223.3671883,18,28,rice
83,26.04371967,186.7536773,18,28,rice
84,25.2827223,220.1156708,18,28,rice
85,22.08576562,231.7364957,18,28,rice
86,23.28617173,242.3170629,18,28,rice
87,25.48591986,182.6549356,18,28,rice
88,23.67575393,233.7034975,18,28,rice
89,20.82477109,230.2242223,18,28,rice
90,26.92995077,290.6793783,18,28,rice
91,23.83509503,241.2013513,18,28,rice
92,26.52872817,218.9163567,18,28,rice
93,26.46428311,248.2256491,18,28,rice
94,22.69657794,256.9964761,18,28,rice
95,22.68319059,194.2651719,18,28,rice
96,21.53346343,295.9248796,18,28,rice
97,21.40865769,287.5766935,18,28,rice
98,26.54348085,183.6222657,18,28,rice
99,23.35905428,188.413665,18,28,rice
100,22.61359953,87.75953857,10,30,maize
101,26.10018422,102.2662445,10,30,maize
102,23.55882094,66.71995467,10,30,maize
103,19.97215954,60.65171481,10,30,maize
104,18.47891261,65.43835393,10,30,maize
105,21.77689322,102.0861694,10,30,maize
106,25.6217169,105.4654703,10,30,maize
107,25.19192419,78.06639649,10,30,maize
108,20.41683147,65.27798457,10,30,maize
109,24.92162194,109.2162279,10,30,maize
110,23.31689124,94.29712821,10,30,maize
111,24.84016732,74.05474936,10,30,maize
112,22.27526694,63.87020584,10,30,maize
113,18.87751445,94.76189431,10,30,maize
114,25.19008683,72.12375573,10,30,maize
115,18.25405352,63.72358154,10,30,maize
116,24.6129118,104.1626147,10,30,maize
117,25.1420613,76.68456006,10,30,maize
118,23.09348056,65.49730729,10,30,maize
119,18.05033737,84.23613484,10,30,maize
120,24.9321581,79.74078719,10,30,maize
121,18.14710054,88.07753741,10,30,maize
122,18.28362235,80.97573281,10,30,maize
123,18.83344471,79.7532896,10,30,maize
124,25.71895816,74.51490791,10,30,maize
125,25.33797709,96.46380213,10,30,maize
126,23.89114571,102.8301942,10,30,maize
127,21.53574127,102.4852929,10,30,maize
128,23.08974909,70.43473609,10,30,maize
129,25.61707368,108.8303762,10,30,maize
130,21.44526922,65.88951188,10,30,maize
131,18.51816776,90.988051,10,30,maize
132,22.53510514,64.40866039,10,30,maize
133,23.02038334,63.03843397,10,30,maize
134,24.89364635,87.9298085,10,30,maize
135,25.77175115,107.4931917,10,30,maize
136,19.39851734,60.95197486,10,30,maize
137,21.54156232,109.7515385,10,30,maize
138,23.79746068,91.76337172,10,30,maize
139,18.9802729,94.26249353,10,30,maize
140,24.10859207,71.07562236,10,30,maize
141,24.7947077,76.72860067,10,30,maize
142,21.63162756,69.21803098,10,30,maize
143,25.37548751,101.7004306,10,30,maize
144,22.21738222,106.6213157,10,30,maize
145,20.58314011,66.29390357,10,30,maize
146,24.87502824,91.26056654,10,30,maize
147,20.03728219,109.024141,10,30,maize
148,25.95263264,99.57981207,10,30,maize
149,19.28889933,71.3195307,10,30,maize
150,20.57981887,78.34604471,10,30,maize
151,24.71417533,88.45361858,10,30,maize
152,20.27317074,62.50351892,10,30,maize
153,18.41932981,76.41312437,10,30,maize
154,23.39128187,107.3198135,10,30,maize
155,19.84939404,100.7689246,10,30,maize
156,21.869274,107.2681929,10,30,maize
157,22.8056033,101.5952794,10,30,maize
158,19.0781471,80.72515943,10,30,maize
159,22.02720976,83.73280082,10,30,maize
160,23.80546189,89.9622014,10,30,maize
161,18.52510753,88.10234397,10,30,maize
162,23.50297882,64.77791424,10,30,maize
163,26.54986394,73.33636055,10,30,maize
164,19.29563411,83.21030571,10,30,maize
165,20.68899915,103.651438,10,30,maize
166,19.32666088,84.22969177,10,30,maize
167,24.60532218,96.59195302,10,30,maize
168,22.27373646,67.96704792,10,30,maize
169,25.70196694,83.20711308,10,30,maize
170,19.20129357,87.85092352,10,30,maize
171,21.70181447,95.71388473,10,30,maize
172,20.51716779,67.61013737,10,30,maize
173,23.30355338,97.59081274,10,30,maize
174,24.2547451,64.23845455,10,30,maize
175,24.86374934,75.82270467,10,30,maize
176,22.6265115,88.17251033,10,30,maize
177,18.04185513,104.2321615,10,30,maize
178,23.26237612,67.10225139,10,30,maize
179,22.88330922,67.72777298,10,30,maize
180,25.97482359,103.2234212,10,30,maize
181,26.14384005,107.2361366,10,30,maize
182,18.66116213,75.03247667,10,30,maize
183,25.10787449,78.16077693,10,30,maize
184,23.33844615,105.0083144,10,30,maize
185,25.08239719,62.49190812,10,30,maize
186,25.36768364,107.9124111,10,30,maize
187,25.34217103,74.52082026,10,30,maize
188,25.00933355,62.91359494,10,30,maize
189,18.66746724,69.93293255,10,30,maize
190,20.37999665,108.5054416,10,30,maize
191,18.09300227,78.96159541,10,30,maize
192,26.16985907,79.84925393,10,30,maize
193,18.65396672,93.62039175,10,30,maize
194,26.07470121,85.75692395,10,30,maize
195,18.92851916,82.34162918,10,30,maize
196,23.30546753,108.7603001,10,30,maize
197,18.74826712,70.23401597,10,30,maize
198,19.74213321,65.50861389,10,30,maize
199,25.73044432,98.73771338,10,30,maize
200,17.02498456,88.55123143,10,35,chickpea
201,19.02061277,79.92698081,10,35,chickpea
202,17.88776475,68.54932919,10,35,chickpea
203,18.86805647,88.51048983,10,35,chickpea
204,18.36952567,79.26357665,10,35,chickpea
205,20.45078582,92.68373702,10,35,chickpea
206,20.6543203,74.6631118,10,35,chickpea
207,17.3348681,82.61734721,10,35,chickpea
208,18.17912258,81.84997529,10,35,chickpea
209,18.01272266,81.98568791,10,35,chickpea
210,20.99373558,93.55280105,10,35,chickpea
211,19.46233971,74.58565097,10,35,chickpea
212,19.81344531,78.96514709,10,35,chickpea
213,18.97424756,80.7108745,10,35,chickpea
214,18.19737048,70.18185181,10,35,chickpea
215,18.72963144,71.58010169,10,35,chickpea
216,20.99502153,73.50734019,10,35,chickpea
217,20.28155898,82.52339655,10,35,chickpea
218,17.48042641,66.96980581,10,35,chickpea
219,20.88818675,90.46228334,10,35,chickpea
220,17.08498521,71.31007253,10,35,chickpea
221,20.09340593,85.74904898,10,35,chickpea
222,17.57212145,89.31050665,10,35,chickpea
223,19.12065218,85.52950164,10,35,chickpea
224,18.57665902,72.94940441,10,35,chickpea
225,17.16606398,72.32667516,10,35,chickpea
226,18.2872007,74.87445574,10,35,chickpea
227,19.03025305,94.70992037,10,35,chickpea
228,17.1418614,83.74606679,10,35,chickpea
229,17.47809436,78.92060234,10,35,chickpea
230,20.56601874,83.75937135,10,35,chickpea
231,17.22385224,76.57580954,10,35,chickpea
232,19.69141713,91.76071648,10,35,chickpea
233,17.84851658,76.32470713,10,35,chickpea
234,18.8202251,89.73119396,10,35,chickpea
235,17.47500984,93.35034262,10,35,chickpea
236,18.72649425,81.20176515,10,35,chickpea
237,18.65580107,81.70769297,10,35,chickpea
238,18.2356751,83.74879344,10,35,chickpea
239,18.81198127,77.5429424,10,35,chickpea
240,18.65054116,77.92798682,10,35,chickpea
241,20.36720401,82.2545577,10,35,chickpea
242,18.38120357,70.52056697,10,35,chickpea
243,17.17012591,72.78624223,10,35,chickpea
244,19.37101121,85.24819851,10,35,chickpea
245,17.92845928,85.37378769,10,35,chickpea
246,19.45339934,75.6317566,10,35,chickpea
247,19.12829388,89.61857826,10,35,chickpea
248,19.1034283,75.49101167,10,35,chickpea
249,17.48504075,86.05078037,10,35,chickpea
250,19.40751744,80.25064637,10,35,chickpea
251,20.18649426,78.26039559,10,35,chickpea
252,17.30287885,75.57790384,10,35,chickpea
253,17.50361137,72.9446671,10,35,chickpea
254,18.17234999,90.7760707,10,35,chickpea
255,17.57445618,77.81891424,10,35,chickpea
256,20.93175255,78.06910795,10,35,chickpea
257,19.71098332,85.57925437,10,35,chickpea
258,19.07937684,69.40619137,10,35,chickpea
259,18.54988627,76.32565249,10,35,chickpea
260,18.19903647,80.6405403,10,35,chickpea
261,18.88852533,80.1113384,10,35,chickpea
262,18.49311205,91.94595352,10,35,chickpea
263,19.48974337,87.51312796,10,35,chickpea
264,17.25769499,94.00287214,10,35,chickpea
265,19.62416326,88.4585692,10,35,chickpea
266,20.67526473,84.78344008,10,35,chickpea
267,20.02381489,68.97806542,10,35,chickpea
268,20.1187446,88.68168643,10,35,chickpea
269,20.65691793,65.23811143,10,35,chickpea
270,19.2582557,65.78042032,10,35,chickpea
271,17.927806,74.63872762,10,35,chickpea
272,19.16288268,82.69766829,10,35,chickpea
273,20.26942271,69.64449182,10,35,chickpea
274,17.09104223,87.27444866,10,35,chickpea
275,17.06579293,70.87150577,10,35,chickpea
276,20.62767492,92.06630306,10,35,chickpea
277,20.8248451,79.20509212,10,35,chickpea
278,19.46210401,68.81405149,10,35,chickpea
279,17.18248372,72.85017344,10,35,chickpea
280,17.48911699,79.45758333,10,35,chickpea
281,17.48395377,65.11365631,10,35,chickpea
282,19.48316794,80.4986291,10,35,chickpea
283,19.71359733,73.64476535,10,35,chickpea
284,19.48649305,81.5284269,10,35,chickpea
285,19.95264829,88.6810311,10,35,chickpea
286,19.41789736,68.4951189,10,35,chickpea
287,19.45591848,78.44910564,10,35,chickpea
288,20.19137759,77.33795356,10,35,chickpea
289,18.8392908,94.78189594,10,35,chickpea
290,20.71219282,94.03659867,10,35,chickpea
291,18.99424448,78.69707199,10,35,chickpea
292,19.96837462,69.15759062,10,35,chickpea
293,17.81564548,90.82097601,10,35,chickpea
294,20.71424384,76.77888672,10,35,chickpea
295,17.34150229,67.9545435,10,35,chickpea
296,17.43732714,73.0926704,10,35,chickpea
297,18.89780215,69.09512477,10,35,chickpea
298,18.59190771,89.60982451,10,35,chickpea
299,18.31561493,81.78710463,10,35,chickpea
300,17.13692774,128.256862,10,25,kidneybeans
301,19.63474332,106.3598183,10,25,kidneybeans
302,22.91350245,109.225556,10,25,kidneybeans
303,16.43340342,140.3717815,10,25,kidneybeans
304,22.13974653,76.64128258,10,25,kidneybeans
305,17.84806561,143.0984171,10,25,kidneybeans
306,19.88394011,60.91974792,10,25,kidneybeans
307,19.32509638,104.7783947,10,25,kidneybeans
308,18.4167001,132.9801054,10,25,kidneybeans
309,21.81167649,130.0608093,10,25,kidneybeans
310,19.72702528,143.7630894,10,25,kidneybeans
311,17.15432954,87.99669731,10,25,kidneybeans
312,19.62207826,144.1567454,10,25,kidneybeans
313,21.63149148,134.3649948,10,25,kidneybeans
314,16.06522754,88.06638775,10,25,kidneybeans
315,20.61162204,69.63833855,10,25,kidneybeans
316,21.42451099,116.5206923,10,25,kidneybeans
317,19.07096165,86.21917578,10,25,kidneybeans
318,21.18853178,137.1948633,10,25,kidneybeans
319,23.0429097,108.3684316,10,25,kidneybeans
320,20.65375833,67.71768947,10,25,kidneybeans
321,18.09551014,144.7902323,10,25,kidneybeans
322,18.23775702,69.44951585,10,25,kidneybeans
323,17.48189735,121.9401369,10,25,kidneybeans
324,19.9191786,82.68554379,10,25,kidneybeans
325,20.27514686,139.7521543,10,25,kidneybeans
326,15.77370214,108.3441414,10,25,kidneybeans
327,16.71170642,96.77285817,10,25,kidneybeans
328,17.66148158,100.6711761,10,25,kidneybeans
329,18.50692825,87.0513289,10,25,kidneybeans
330,24.51324787,64.19497947,10,25,kidneybeans
331,18.87614998,105.4120514,10,25,kidneybeans
332,21.59343016,61.13872036,10,25,kidneybeans
333,20.12373284,106.158201,10,25,kidneybeans
334,15.43546065,139.0302034,10,25,kidneybeans
335,22.64236876,122.3886015,10,25,kidneybeans
336,21.98560799,129.5650601,10,25,kidneybeans
337,20.53052663,120.4509288,10,25,kidneybeans
338,15.78601387,95.17028129,10,25,kidneybeans
339,19.6365349,96.65888933,10,25,kidneybeans
340,20.57341244,87.87869161,10,25,kidneybeans
341,20.16080524,138.2362122,10,25,kidneybeans
342,21.53989176,120.6913038,10,25,kidneybeans
343,15.53834801,107.3850593,10,25,kidneybeans
344,19.91853092,108.6434544,10,25,kidneybeans
345,20.76952209,109.0193712,10,25,kidneybeans
346,23.46168338,95.84253438,10,25,kidneybeans
347,24.32116642,60.27552528,10,25,kidneybeans
348,20.12574053,100.0497183,10,25,kidneybeans
349,21.80619564,125.0972687,10,25,kidneybeans
350,19.52226241,113.334026,10,25,kidneybeans
351,17.00067625,103.2926407,10,25,kidneybeans
352,16.78791503,75.45328039,10,25,kidneybeans
353,24.84906168,62.21292186,10,25,kidneybeans
354,16.51783455,98.77794225,10,25,kidneybeans
355,18.15300153,107.6907964,10,25,kidneybeans
356,23.18864385,63.38208822,10,25,kidneybeans
357,23.38002569,87.66898664,10,25,kidneybeans
358,18.358923,138.414764,10,25,kidneybeans
359,19.25975367,94.9533526,10,25,kidneybeans
360,22.95458237,107.7315386,10,25,kidneybeans
361,20.120043,104.6252153,10,25,kidneybeans
362,21.14011423,141.6056722,10,25,kidneybeans
363,24.92360104,62.7089169,10,25,kidneybeans
364,15.33042636,135.3315583,10,25,kidneybeans
365,18.81097271,125.084915,10,25,kidneybeans
366,23.44260668,107.4137246,10,25,kidneybeans
367,22.8352024,63.59276673,10,25,kidneybeans
368,24.9035819,146.4727237,10,25,kidneybeans
369,23.78709569,119.6404412,10,25,kidneybeans
370,22.05592283,126.7265372,10,25,kidneybeans
371,18.87492997,134.1811718,10,25,kidneybeans
372,18.62328774,135.3378033,10,25,kidneybeans
373,23.00884744,100.118612,10,25,kidneybeans
374,19.33162606,68.51253427,10,25,kidneybeans
375,16.24469193,66.97053257,10,25,kidneybeans
376,17.91652287,69.14681022,10,25,kidneybeans
377,15.46789263,88.88796102,10,25,kidneybeans
378,17.06104474,81.83420522,10,25,kidneybeans
379,21.32776028,109.1013261,10,25,kidneybeans
380,23.90910104,81.60211243,10,25,kidneybeans
381,23.89756791,112.6616435,10,25,kidneybeans
382,22.98666928,143.8584938,10,25,kidneybeans
383,21.35135729,146.4548645,10,25,kidneybeans
384,24.1638445,116.7324324,10,25,kidneybeans
385,24.62835037,149.7441028,10,25,kidneybeans
386,21.02213209,124.6118471,10,25,kidneybeans
387,17.30844532,115.199245,10,25,kidneybeans
388,23.82576704,84.64143632,10,25,kidneybeans
389,19.30607278,129.3449326,10,25,kidneybeans
390,16.03768615,130.3900798,10,25,kidneybeans
391,19.18572809,80.15293435,10,25,kidneybeans
392,19.92889503,64.02640797,10,25,kidneybeans
393,19.56376468,139.2921004,10,25,kidneybeans
394,18.31357543,76.14153904,10,25,kidneybeans
395,20.10993761,73.36386477,10,25,kidneybeans
396,23.60506572,100.5978728,10,25,kidneybeans
397,19.73136909,84.06354115,10,25,kidneybeans
398,20.93409877,133.1914419,10,25,kidneybeans
399,18.78226261,104.2570723,10,25,kidneybeans
400,28.05153602,43.35795377,18,30,lentil
401,19.44084326,46.83130119,18,30,lentil
402,29.84823072,46.80452595,18,30,lentil
403,21.36383757,46.6352865,18,30,lentil
404,26.28663931,46.13833007,18,30,lentil
405,22.17499963,53.46622584,18,30,lentil
406,26.57597546,50.89110726,18,30,lentil
407,26.58972517,50.90994463,18,30,lentil
408,19.1345771,36.46946971,18,30,lentil
409,28.75273118,35.15426171,18,30,lentil
410,25.78746268,49.14337177,18,30,lentil
411,23.89271875,52.55730112,18,30,lentil
412,28.67408774,42.96018627,18,30,lentil
413,28.42062847,49.02366803,18,30,lentil
414,21.35499456,41.78219834,18,30,lentil
415,21.12695586,38.71834464,18,30,lentil
416,24.02037872,49.78102578,18,30,lentil
417,25.40474421,51.92057267,18,30,lentil
418,29.03017561,54.9393771,18,30,lentil
419,20.21368219,50.89732989,18,30,lentil
420,29.19585548,44.93261911,18,30,lentil
421,18.29783597,49.39111479,18,30,lentil
422,27.41434987,44.43177543,18,30,lentil
423,24.84063998,48.77790371,18,30,lentil
424,29.94413861,40.37113729,18,30,lentil
425,25.87990287,47.89645224,18,30,lentil
426,20.0467711,46.05333124,18,30,lentil
427,22.99451999,54.49044154,18,30,lentil
428,25.13163619,49.04015558,18,30,lentil
429,28.49584395,53.14531023,18,30,lentil
430,18.28766124,48.60449438,18,30,lentil
431,24.38041875,53.13946695,18,30,lentil
432,21.31852148,45.42616802,18,30,lentil
433,18.54141834,44.07819743,18,30,lentil
434,25.28710601,49.37369982,18,30,lentil
435,25.43459777,41.02682925,18,30,lentil
436,28.83600962,44.08562546,18,30,lentil
437,27.37659643,49.47371773,18,30,lentil
438,28.31886863,45.36521251,18,30,lentil
439,27.4818649,37.81123974,18,30,lentil
440,18.28072173,48.80253285,18,30,lentil
441,27.61204997,42.72374404,18,30,lentil
442,23.43974653,45.40277297,18,30,lentil
443,20.95628486,52.39881209,18,30,lentil
444,23.7937153,49.73922097,18,30,lentil
445,22.6371424,38.30411077,18,30,lentil
446,21.53577883,35.75107592,18,30,lentil
447,29.87854588,44.95654782,18,30,lentil
448,25.2653291,48.33941188,18,30,lentil
449,25.17885316,35.03484812,18,30,lentil
450,24.12192608,44.23629285,18,30,lentil
451,23.33565221,36.18678721,18,30,lentil
452,21.74600081,50.43306085,18,30,lentil
453,27.60195453,54.37814199,18,30,lentil
454,24.388717,47.26052494,18,30,lentil
455,24.98287462,38.21370568,18,30,lentil
456,28.234829,35.36831423,18,30,lentil
457,26.03026959,37.11395801,18,30,lentil
458,28.04849594,37.15824966,18,30,lentil
459,24.87425505,48.28137482,18,30,lentil
460,23.97081395,53.40906048,18,30,lentil
461,20.06003985,42.89509057,18,30,lentil
462,19.59221047,41.7704893,18,30,lentil
463,29.77013109,35.69674138,18,30,lentil
464,27.52135365,48.06491307,18,30,lentil
465,25.62896213,45.49683991,18,30,lentil
466,20.39078312,53.31508572,18,30,lentil
467,25.39038396,39.18374505,18,30,lentil
468,24.91079638,42.19740397,18,30,lentil
469,27.70496805,37.46160727,18,30,lentil
470,18.06486101,51.54922825,18,30,lentil
471,18.13027797,50.6128521,18,30,lentil
472,23.82723528,46.90725077,18,30,lentil
473,23.19305333,49.55213308,18,30,lentil
474,25.08966129,41.45486619,18,30,lentil
475,25.86928193,36.68284038,18,30,lentil
476,18.43966037,39.00992137,18,30,lentil
477,27.14911056,52.50812701,18,30,lentil
478,23.33375853,47.01510708,18,30,lentil
479,26.7230014,42.87274897,18,30,lentil
480,19.55750776,53.04669416,18,30,lentil
481,26.13708256,46.48280681,18,30,lentil
482,27.99990346,49.94043064,18,30,lentil
483,29.05941162,36.5011366,18,30,lentil
484,25.71269843,50.17067771,18,30,lentil
485,21.79792649,46.62370222,18,30,lentil
486,24.70626432,53.12442925,18,30,lentil
487,20.94981756,44.23913012,18,30,lentil
488,24.84918386,41.61080544,18,30,lentil
489,21.91041045,36.10211371,18,30,lentil
490,25.93381964,51.02372773,18,30,lentil
491,29.82112112,51.56461082,18,30,lentil
492,27.52185591,45.20841071,18,30,lentil
493,27.99627907,46.10585191,18,30,lentil
494,20.76774783,47.9271552,18,30,lentil
495,23.05276444,52.60285259,18,30,lentil
496,21.65845777,38.07659414,18,30,lentil
497,26.25070298,40.8106299,18,30,lentil
498,20.97195263,53.10207889,18,30,lentil
499,23.89736406,40.74536757,18,30,lentil
500,24.55981624,111.9684622,5,37,pomegranate
501,19.65690085,108.0458926,5,37,pomegranate
502,18.78359608,102.5184759,5,37,pomegranate
503,24.1469628,110.2316633,5,37,pomegranate
504,22.44581266,109.3905998,5,37,pomegranate
505,24.96273236,109.4169192,5,37,pomegranate
506,22.5526059,104.8955643,5,37,pomegranate
507,22.77035608,106.9659201,5,37,pomegranate
508,19.20090378,108.0423555,5,37,pomegranate
509,23.12808226,109.3930157,5,37,pomegranate
510,24.92639065,104.7693804,5,37,pomegranate
511,24.77464458,105.7595811,5,37,pomegranate
512,19.8671184,108.3168858,5,37,pomegranate
513,24.26601316,104.5375109,5,37,pomegranate
514,23.62600218,107.6836871,5,37,pomegranate
515,19.67832052,108.5468633,5,37,pomegranate
516,22.36509395,104.8216333,5,37,pomegranate
517,21.57936934,102.8593382,5,37,pomegranate
518,18.26233221,108.0756727,5,37,pomegranate
519,23.71028128,105.6499907,5,37,pomegranate
520,22.48720144,111.6631582,5,37,pomegranate
521,21.6602498,112.4349689,5,37,pomegranate
522,20.13037175,107.3416913,5,37,pomegranate
523,18.41164435,105.1834976,5,37,pomegranate
524,19.68291173,111.2818551,5,37,pomegranate
525,23.20242586,109.0946323,5,37,pomegranate
526,18.92157197,102.8013275,5,37,pomegranate
527,22.10621387,106.8704803,5,37,pomegranate
528,18.47412402,108.4758509,5,37,pomegranate
529,19.81069447,102.860084,5,37,pomegranate
530,24.4880844,103.1969341,5,37,pomegranate
531,18.75927679,111.0196744,5,37,pomegranate
532,19.54128063,104.3739878,5,37,pomegranate
533,18.91251245,111.2800516,5,37,pomegranate
534,19.91330523,104.0277061,5,37,pomegranate
535,19.72620525,108.2287276,5,37,pomegranate
536,23.83185873,111.2232716,5,37,pomegranate
537,24.94467632,103.8799347,5,37,pomegranate
538,24.692258,104.6735454,5,37,pomegranate
539,24.72485577,111.2787584,5,37,pomegranate
540,20.12644921,108.065579,5,37,pomegranate
541,21.02432943,104.7847006,5,37,pomegranate
542,22.40423537,109.8695196,5,37,pomegranate
543,20.33691147,110.9653137,5,37,pomegranate
544,24.24779615,106.9216033,5,37,pomegranate
545,24.81530144,109.2853418,5,37,pomegranate
546,19.66329768,106.0380805,5,37,pomegranate
547,22.43377991,112.459697,5,37,pomegranate
548,22.92052307,110.2437841,5,37,pomegranate
549,22.91843172,106.2817706,5,37,pomegranate
550,24.88244467,107.1951707,5,37,pomegranate
551,23.40981539,105.2240743,5,37,pomegranate
552,21.20725375,107.5660804,5,37,pomegranate
553,18.20230419,109.6623974,5,37,pomegranate
554,22.34375696,103.3183074,5,37,pomegranate
555,24.32770134,110.4606459,5,37,pomegranate
556,19.75088482,102.5538035,5,37,pomegranate
557,19.86173586,111.0217929,5,37,pomegranate
558,18.07132963,106.3602023,5,37,pomegranate
559,23.89162561,104.617522,5,37,pomegranate
560,23.98598756,104.991282,5,37,pomegranate
561,20.93892916,103.0295938,5,37,pomegranate
562,20.82210727,109.4429934,5,37,pomegranate
563,20.86474944,106.8685636,5,37,pomegranate
564,24.45840036,111.3779693,5,37,pomegranate
565,24.51147697,105.6209954,5,37,pomegranate
566,24.56811204,110.9633894,5,37,pomegranate
567,24.63228709,110.6956184,5,37,pomegranate
568,20.07386547,103.7084055,5,37,pomegranate
569,21.80523051,102.6488846,5,37,pomegranate
570,22.8122645,110.4432293,5,37,pomegranate
571,22.73031253,104.6843243,5,37,pomegranate
572,23.2801227,111.1382096,5,37,pomegranate
573,19.30106297,105.4766591,5,37,pomegranate
574,19.0087067,108.6793978,5,37,pomegranate
575,24.35193812,105.529185,5,37,pomegranate
576,24.72235539,112.1926517,5,37,pomegranate
577,21.92513945,111.7162016,5,37,pomegranate
578,24.83954414,107.6435771,5,37,pomegranate
579,18.09691127,104.88189,5,37,pomegranate
580,20.24104904,109.2537734,5,37,pomegranate
581,23.22594,105.6917856,5,37,pomegranate
582,23.50128217,106.61905,5,37,pomegranate
583,19.44623085,106.1606833,5,37,pomegranate
584,20.51343484,110.5764023,5,37,pomegranate
585,18.90223032,107.6103211,5,37,pomegranate
586,18.90592319,112.4750941,5,37,pomegranate
587,22.63045168,109.0357597,5,37,pomegranate
588,19.38603815,109.9130984,5,37,pomegranate
589,24.38318965,103.6012114,5,37,pomegranate
590,23.77989026,106.977723,5,37,pomegranate
591,22.59890174,110.0932899,5,37,pomegranate
592,24.37766782,106.128338,5,37,pomegranate
593,20.89273273,104.4407083,5,37,pomegranate
594,18.09903225,107.0050976,5,37,pomegranate
595,20.00218987,112.337046,5,37,pomegranate
596,19.85139326,102.8186358,5,37,pomegranate
597,21.25433607,106.2784673,5,37,pomegranate
598,23.65374106,109.8076178,5,37,pomegranate
599,23.88404783,108.3121789,5,37,pomegranate
600,29.36792366,92.82840911,20,35,banana
601,27.33368994,101.0494791,20,35,banana
602,27.40053601,104.9378,20,35,banana
603,29.3159075,90.10978128,20,35,banana
604,26.05433004,113.2297373,20,35,banana
605,25.86632408,114.5357503,20,35,banana
606,27.00932084,97.32531705,20,35,banana
607,29.55054817,99.34482238,20,35,banana
608,26.28845991,113.8729798,20,35,banana
609,29.16226551,100.0075679,20,35,banana
610,28.65003945,98.75084366,20,35,banana
611,29.07311132,100.1692639,20,35,banana
612,28.08166093,118.2761894,20,35,banana
613,27.1994597,99.72430835,20,35,banana
614,28.05484146,108.3957179,20,35,banana
615,25.14748006,98.66679427,20,35,banana
616,25.94019018,119.84797,20,35,banana
617,27.66752761,108.66464,20,35,banana
618,25.56703012,102.7867717,20,35,banana
619,28.6956201,116.1616839,20,35,banana
620,26.33544853,118.6858263,20,35,banana
621,25.93730186,98.21747528,20,35,banana
622,25.13686519,91.46442491,20,35,banana
623,27.50527651,105.0776992,20,35,banana
624,26.21009246,112.0700033,20,35,banana
625,29.10403455,92.07835761,20,35,banana
626,29.2440638,90.66727868,20,35,banana
627,25.56202173,93.10247183,20,35,banana
628,26.3985515,98.16752001,20,35,banana
629,28.09577643,109.5408614,20,35,banana
630,27.84767901,117.2878912,20,35,banana
631,27.39341554,94.31102057,20,35,banana
632,25.14517635,119.218154,20,35,banana
633,28.65456263,102.4633775,20,35,banana
634,29.16093424,109.575944,20,35,banana
635,27.57278064,91.34276507,20,35,banana
636,25.40909896,112.9794804,20,35,banana
637,25.99069521,112.0777152,20,35,banana
638,26.29039046,118.6730366,20,35,banana
639,29.14827211,117.536781,20,35,banana
640,26.59743595,107.3944717,20,35,banana
641,25.36059237,116.5531455,20,35,banana
642,29.12036889,112.3982055,20,35,banana
643,27.53911354,110.3262123,20,35,banana
644,29.66727337,110.2511102,20,35,banana
645,25.05802193,110.4408803,20,35,banana
646,25.86824781,116.3019555,20,35,banana
647,25.85036988,119.0856171,20,35,banana
648,26.51682337,108.8547508,20,35,banana
649,28.66725136,118.2583441,20,35,banana
650,28.14938935,91.40508414,20,35,banana
651,26.42313317,95.12322062,20,35,banana
652,26.59386409,109.9825551,20,35,banana
653,27.71822477,102.2099836,20,35,banana
654,28.98333432,109.022564,20,35,banana
655,29.42017919,117.229079,20,35,banana
656,27.39872329,112.1355384,20,35,banana
657,26.4020227,111.0162259,20,35,banana
658,27.81251452,99.20961514,20,35,banana
659,25.19640218,115.8586081,20,35,banana
660,28.31193338,119.695765,20,35,banana
661,25.90113128,110.10323,20,35,banana
662,27.48612983,109.2768851,20,35,banana
663,29.38254012,109.2486647,20,35,banana
664,29.22118628,108.8616474,20,35,banana
665,27.09062164,110.1331182,20,35,banana
666,26.12643374,104.4812858,20,35,banana
667,29.01207743,90.43495443,20,35,banana
668,27.96799119,119.4765557,20,35,banana
669,28.0764455,118.9923573,20,35,banana
670,25.16278237,90.94554618,20,35,banana
671,25.78749808,114.2005455,20,35,banana
672,25.34119774,91.06493353,20,35,banana
673,29.44795403,96.45042585,20,35,banana
674,26.47522633,113.1161095,20,35,banana
675,27.39489579,92.78133617,20,35,banana
676,25.08347445,94.32961456,20,35,banana
677,26.6719835,91.73358569,20,35,banana
678,25.44926208,100.6619171,20,35,banana
679,28.22776705,98.00403016,20,35,banana
680,28.1279509,103.5045395,20,35,banana
681,28.9470467,95.83016448,20,35,banana
682,27.96236771,97.55986676,20,35,banana
683,28.00316034,94.68180316,20,35,banana
684,29.1400919,90.45142867,20,35,banana
685,27.9122104,90.24211529,20,35,banana
686,25.43480512,96.47800391,20,35,banana
687,28.55980972,111.0843029,20,35,banana
688,26.59580783,100.5123341,20,35,banana
689,27.19711623,99.46950465,20,35,banana
690,25.29391516,105.4220251,20,35,banana
691,29.90888522,91.99964712,20,35,banana
692,27.94972463,109.0921631,20,35,banana
693,25.01018457,108.3690513,20,35,banana
694,29.21144871,108.5501443,20,35,banana
695,27.35911627,90.81250457,20,35,banana
696,28.0106804,103.7040783,20,35,banana
697,28.67208915,94.37987496,20,35,banana
698,27.34585147,92.15524332,20,35,banana
699,29.50704598,98.12565829,20,35,banana
700,29.73770045,90.09586854,27,36,mango
701,33.55695561,98.67527561,27,36,mango
702,27.00315545,95.85118326,27,36,mango
703,33.56150184,95.70525913,27,36,mango
704,35.89855625,92.19721736,27,36,mango
705,34.17719782,98.00687989,27,36,mango
706,30.01592643,97.72843182,27,36,mango
707,31.74592134,93.75441586,27,36,mango
708,35.99009679,95.3713484,27,36,mango
709,31.86641378,98.46768642,27,36,mango
710,27.75518664,94.11213345,27,36,mango
711,34.72413192,97.31258083,27,36,mango
712,27.53907547,99.35408185,27,36,mango
713,27.69637763,89.85646496,27,36,mango
714,27.25373364,91.87312479,27,36,mango
715,30.33723921,94.42850522,27,36,mango
716,31.85744939,91.55845821,27,36,mango
717,35.39986338,97.41054011,27,36,mango
718,29.80747243,95.74606104,27,36,mango
719,34.16438906,98.33351125,27,36,mango
720,28.93270187,99.9834242,27,36,mango
721,27.98392787,99.61465679,27,36,mango
722,31.20478173,94.62954663,27,36,mango
723,32.13409675,98.63333684,27,36,mango
724,28.91862016,97.01331604,27,36,mango
725,31.09779147,90.28624348,27,36,mango
726,34.73823882,90.65022183,27,36,mango
727,29.98080499,91.82271568,27,36,mango
728,33.80398664,90.82549241,27,36,mango
729,30.07202564,92.09609766,27,36,mango
730,27.92063282,100.2585673,27,36,mango
731,31.40948821,92.99739415,27,36,mango
732,35.7877738,100.2160615,27,36,mango
733,33.36140093,98.81596545,27,36,mango
734,35.96054636,98.00644238,27,36,mango
735,28.33333307,91.67241761,27,36,mango
736,32.27652024,95.99487068,27,36,mango
737,31.99490489,97.38741498,27,36,mango
738,27.58258929,95.8445641,27,36,mango
739,29.38471637,100.8124659,27,36,mango
740,32.38697531,90.21633216,27,36,mango
741,30.91471455,90.14047759,27,36,mango
742,35.37775595,97.41586402,27,36,mango
743,32.32362177,93.36718816,27,36,mango
744,28.22373428,97.76832322,27,36,mango
745,27.27433181,95.257992,27,36,mango
746,27.10710832,92.37238878,27,36,mango
747,34.89226666,91.63074547,27,36,mango
748,33.7462686,92.26439205,27,36,mango
749,27.3511056,96.27792547,27,36,mango
750,32.89300162,94.49161372,27,36,mango
751,35.38598705,90.29643888,27,36,mango
752,27.5529736,90.40332704,27,36,mango
753,32.82141065,90.89173106,27,36,mango
754,30.17294105,95.23444287,27,36,mango
755,29.26382931,100.7586226,27,36,mango
756,32.06097197,96.59816497,27,36,mango
757,28.69818144,99.642454,27,36,mango
758,29.14305008,97.55155537,27,36,mango
759,28.3471611,90.40260445,27,36,mango
760,27.67256197,92.84991507,27,36,mango
761,28.1218093,93.30247448,27,36,mango
762,30.79375683,92.21318555,27,36,mango
763,28.89409382,94.76322976,27,36,mango
764,33.33024826,98.28583013,27,36,mango
765,27.78912455,91.01152997,27,36,mango
766,31.65333432,91.09745581,27,36,mango
767,29.75150773,91.405983,27,36,mango
768,31.32995611,89.78216168,27,36,mango
769,35.63627319,97.51952041,27,36,mango
770,31.66524687,89.98024312,27,36,mango
771,32.26935342,95.94035356,27,36,mango
772,27.81005614,95.89898581,27,36,mango
773,34.58561471,100.3060719,27,36,mango
774,31.27180992,89.74409017,27,36,mango
775,33.93679864,97.4611918,27,36,mango
776,31.09154239,91.46664318,27,36,mango
777,31.89356292,89.59371481,27,36,mango
778,32.45465292,95.04871605,27,36,mango
779,35.47478322,97.79072474,27,36,mango
780,27.32961444,93.53197359,27,36,mango
781,30.90225239,91.77522598,27,36,mango
782,29.09382275,96.23520043,27,36,mango
783,30.02086169,96.63721027,27,36,mango
784,34.13072188,96.38808001,27,36,mango
785,33.44619894,98.05089394,27,36,mango
786,35.3915464,91.22881052,27,36,mango
787,31.53356352,98.57025046,27,36,mango
788,30.7645515,90.38503469,27,36,mango
789,30.01821337,96.08745082,27,36,mango
790,31.32863689,94.67344737,27,36,mango
791,33.88004781,89.29147581,27,36,mango
792,28.07802689,97.45373619,27,36,mango
793,35.53845018,91.54560427,27,36,mango
794,28.70595247,95.8946444,27,36,mango
795,31.48451729,93.17221967,27,36,mango
796,27.69819273,100.7720705,27,36,mango
797,30.41235793,93.92375879,27,36,mango
798,32.17752026,91.88766069,27,36,mango
799,32.6112614,91.10190759,27,36,mango
800,29.99677232,67.12534492,9,16,grapes
801,30.7280404,68.38135469,9,16,grapes
802,32.44577836,68.73932528,9,16,grapes
803,37.46566825,66.83872293,9,16,grapes
804,22.03296178,65.34440794,9,16,grapes
805,39.64851881,70.39906054,9,16,grapes
806,16.77557314,66.76285469,9,16,grapes
807,12.14190714,69.63122027,9,16,grapes
808,12.7567962,66.77844567,9,16,grapes
809,39.04071989,73.88467027,9,16,grapes
810,39.70772192,74.91506217,9,16,grapes
811,9.467960445,66.02765219,9,16,grapes
812,29.58748357,68.06417307,9,16,grapes
813,17.82803682,65.84748763,9,16,grapes
814,8.825674745,67.235765,9,16,grapes
815,27.83487131,73.02882766,9,16,grapes
816,11.02105378,68.23963161,9,16,grapes
817,17.5862944,71.4065452,9,16,grapes
818,19.89363946,69.66256816,9,16,grapes
819,29.93707596,65.52279323,9,16,grapes
820,36.73126647,72.24230804,9,16,grapes
821,20.42094753,66.93065667,9,16,grapes
822,25.51939719,69.17281221,9,16,grapes
823,30.50734778,70.08200379,9,16,grapes
824,18.4269936,69.75734306,9,16,grapes
825,12.087022,68.66813363,9,16,grapes
826,23.60115364,73.23901752,9,16,grapes
827,12.80000387,67.10439401,9,16,grapes
828,38.06099482,65.70148216,9,16,grapes
829,39.06555518,69.30772897,9,16,grapes
830,33.78372897,74.53557341,9,16,grapes
831,16.76201707,73.28712806,9,16,grapes
832,35.89307536,66.53946559,9,16,grapes
833,21.01245395,66.38448261,9,16,grapes
834,10.89875873,68.69420397,9,16,grapes
835,16.36251869,71.55665483,9,16,grapes
836,20.28370163,71.06611222,9,16,grapes
837,25.11108456,73.01026829,9,16,grapes
838,33.4641162,67.92204319,9,16,grapes
839,11.7976469,65.06962486,9,16,grapes
840,11.36300891,71.18289431,9,16,grapes
841,25.23542319,67.03840888,9,16,grapes
842,15.99050693,74.40198861,9,16,grapes
843,22.4359017,65.3973168,9,16,grapes
844,34.76086052,65.70430027,9,16,grapes
845,31.11047251,71.43001582,9,16,grapes
846,28.57828803,73.34232097,9,16,grapes
847,41.18664903,68.68895899,9,16,grapes
848,27.02766138,70.95666003,9,16,grapes
849,21.19339319,74.62834921,9,16,grapes
850,10.38004759,67.3917379,9,16,grapes
851,31.3115978,65.01095312,9,16,grapes
852,20.46657776,71.29813872,9,16,grapes
853,29.36947679,66.13442813,9,16,grapes
854,10.72302459,65.2982112,9,16,grapes
855,14.97846952,71.63437433,9,16,grapes
856,15.3246651,71.60102999,9,16,grapes
857,18.73932187,73.55807954,9,16,grapes
858,19.3642553,67.15094741,9,16,grapes
859,41.20733624,65.90227462,9,16,grapes
860,33.34214482,70.68098614,9,16,grapes
861,23.81995682,67.2739864,9,16,grapes
862,40.66012294,74.03030056,9,16,grapes
863,11.82768186,74.10225057,9,16,grapes
864,13.28504331,65.80006004,9,16,grapes
865,35.83089092,73.67984885,9,16,grapes
866,26.18159716,66.05911698,9,16,grapes
867,24.57558351,69.706113,9,16,grapes
868,29.67229086,66.48490371,9,16,grapes
869,39.37102553,74.08101744,9,16,grapes
870,17.66558428,69.8671263,9,16,grapes
871,24.06679352,69.81855775,9,16,grapes
872,15.31413469,74.82144653,9,16,grapes
873,21.77466746,69.39630398,9,16,grapes
874,26.91624843,69.30927185,9,16,grapes
875,41.65602996,74.19664838,9,16,grapes
876,17.98667801,72.37127689,9,16,grapes
877,29.12033769,68.8503047,9,16,grapes
878,34.38922481,71.03001556,9,16,grapes
879,41.36106301,69.92107482,9,16,grapes
880,35.12158265,69.71518491,9,16,grapes
881,19.6491772,73.69529586,9,16,grapes
882,16.27852801,66.57462809,9,16,grapes
883,21.11903604,69.27779761,9,16,grapes
884,19.2077707,66.83113717,9,16,grapes
885,25.96308415,70.31782647,9,16,grapes
886,25.67385024,74.10919422,9,16,grapes
887,41.94865736,73.06862952,9,16,grapes
888,11.18994268,66.34234944,9,16,grapes
889,17.5438296,73.77063744,9,16,grapes
890,13.05809741,70.75633584,9,16,grapes
891,9.724457611,74.46411148,9,16,grapes
892,27.92004934,69.92092839,9,16,grapes
893,9.535585543,69.44115171,9,16,grapes
894,13.42988625,71.40043037,9,16,grapes
895,9.851242629,68.42802444,9,16,grapes
896,24.97256132,66.70016285,9,16,grapes
897,27.23708304,70.42508897,9,16,grapes
898,18.70679077,66.5964488,9,16,grapes
899,9.949929082,66.00817551,9,16,grapes
900,26.47330219,53.65742581,18,35,watermelon
901,25.18780042,46.87420883,18,35,watermelon
902,25.29954705,57.04147057,18,35,watermelon
903,24.74631269,57.95826144,18,35,watermelon
904,26.58740671,41.87540028,18,35,watermelon
905,24.53442564,49.11618732,18,35,watermelon
906,26.0713757,57.79652846,18,35,watermelon
907,25.96534238,59.46338556,18,35,watermelon
908,26.22338015,54.60159289,18,35,watermelon
909,24.41311871,44.07843475,18,35,watermelon
910,26.49195283,57.72799157,18,35,watermelon
911,24.04355803,53.78929956,18,35,watermelon
912,25.5421695,57.57343233,18,35,watermelon
913,26.74550678,40.794305,18,35,watermelon
914,25.7131428,43.08961827,18,35,watermelon
915,25.76484262,44.22066914,18,35,watermelon
916,26.79489868,57.74091817,18,35,watermelon
917,24.9004602,57.44942094,18,35,watermelon
918,26.80750629,58.79889057,18,35,watermelon
919,25.11189154,44.20656987,18,35,watermelon
920,26.2148837,59.65590798,18,35,watermelon
921,24.9103226,49.48575692,18,35,watermelon
922,25.79448878,56.45229202,18,35,watermelon
923,25.26931156,40.12650421,18,35,watermelon
924,25.76402693,46.05122728,18,35,watermelon
925,25.85483596,46.85176955,18,35,watermelon
926,24.33528185,48.32113628,18,35,watermelon
927,25.37601283,57.23028471,18,35,watermelon
928,24.86094646,55.29563514,18,35,watermelon
929,24.71885473,48.45978627,18,35,watermelon
930,24.21495706,48.01138482,18,35,watermelon
931,25.81692236,54.82963379,18,35,watermelon
932,24.47018505,57.26773002,18,35,watermelon
933,24.13078816,51.19470197,18,35,watermelon
934,26.1793464,49.43050977,18,35,watermelon
935,26.17668721,53.33484977,18,35,watermelon
936,26.03867719,44.3993381,18,35,watermelon
937,26.53259325,54.30660782,18,35,watermelon
938,26.81938687,46.06193778,18,35,watermelon
939,25.50405534,48.47833278,18,35,watermelon
940,26.20234499,56.47941847,18,35,watermelon
941,25.13735887,43.52897517,18,35,watermelon
942,25.92030221,42.10681516,18,35,watermelon
943,26.6634609,57.40847165,18,35,watermelon
944,24.06731461,51.75212401,18,35,watermelon
945,24.6774157,57.05709413,18,35,watermelon
946,26.11440416,58.48160844,18,35,watermelon
947,26.81530456,55.74073582,18,35,watermelon
948,25.15623099,55.49541453,18,35,watermelon
949,25.2801372,49.29456609,18,35,watermelon
950,26.22005978,49.08553937,18,35,watermelon
951,24.92093261,50.55710813,18,35,watermelon
952,26.21667586,54.65423596,18,35,watermelon
953,26.81383586,51.70497792,18,35,watermelon
954,24.31334971,48.11248366,18,35,watermelon
955,24.29105004,51.26046418,18,35,watermelon
956,24.42998931,48.58241822,18,35,watermelon
957,25.66576039,54.22722466,18,35,watermelon
958,25.07803672,56.39962921,18,35,watermelon
959,24.88910524,51.70699144,18,35,watermelon
960,25.42900869,56.34144589,18,35,watermelon
961,24.37118217,44.63907691,18,35,watermelon
962,26.4930645,46.06382209,18,35,watermelon
963,25.83202912,45.24690619,18,35,watermelon
964,24.41592661,40.32161859,18,35,watermelon
965,24.37190239,44.20899581,18,35,watermelon
966,24.24782473,54.7657624,18,35,watermelon
967,24.64458469,48.31219031,18,35,watermelon
968,24.89681131,53.14626213,18,35,watermelon
969,25.41864024,49.52320689,18,35,watermelon
970,26.26028739,58.97878791,18,35,watermelon
971,24.90123934,46.59207341,18,35,watermelon
972,24.84740848,59.67927244,18,35,watermelon
973,26.98212846,42.91292205,18,35,watermelon
974,26.90435747,59.75980023,18,35,watermelon
975,25.86475496,41.16554802,18,35,watermelon
976,26.70607759,51.51033554,18,35,watermelon
977,26.44019475,47.81847573,18,35,watermelon
978,26.283443,50.78669728,18,35,watermelon
979,26.84366082,40.228644,18,35,watermelon
980,26.03967219,43.87712348,18,35,watermelon
981,24.92994759,48.75859458,18,35,watermelon
982,25.50736962,44.2068997,18,35,watermelon
983,25.4438391,57.51549686,18,35,watermelon
984,26.12588914,40.71210074,18,35,watermelon
985,25.10474753,59.26519444,18,35,watermelon
986,26.27520631,54.38748495,18,35,watermelon
987,26.27061608,46.76837499,18,35,watermelon
988,26.73690828,47.46447019,18,35,watermelon
989,25.04746944,56.72496677,18,35,watermelon
990,24.69368934,48.99390828,18,35,watermelon
991,24.54356968,42.00660251,18,35,watermelon
992,25.89762315,54.49960057,18,35,watermelon
993,26.6333118,56.31866159,18,35,watermelon
994,25.35794749,47.72078245,18,35,watermelon
995,25.28784623,58.28697664,18,35,watermelon
996,26.63838589,48.32428609,18,35,watermelon
997,25.3310446,41.53218699,18,35,watermelon
998,26.89750174,43.97193745,18,35,watermelon
999,26.98603693,58.54876687,18,35,watermelon
1000,27.57826922,28.08253201,27,30,muskmelon
1001,27.82054812,26.32405487,27,30,muskmelon
1002,29.09910406,22.52497327,27,30,muskmelon
1003,28.04943594,20.76223014,27,30,muskmelon
1004,29.91690582,28.16057247,27,30,muskmelon
1005,29.86895762,26.26243014,27,30,muskmelon
1006,29.17220859,21.30290472,27,30,muskmelon
1007,29.24908541,25.93496537,27,30,muskmelon
1008,27.76317235,25.21609113,27,30,muskmelon
1009,28.82629037,26.23838511,27,30,muskmelon
1010,28.52379742,29.86681385,27,30,muskmelon
1011,29.06785065,29.1194739,27,30,muskmelon
1012,29.08417927,25.33014238,27,30,muskmelon
1013,28.47090661,21.08484101,27,30,muskmelon
1014,28.27973674,21.58992507,27,30,muskmelon
1015,28.47212559,20.88620369,27,30,muskmelon
1016,29.68846716,26.83924845,27,30,muskmelon
1017,27.02415146,21.26034986,27,30,muskmelon
1018,29.09588297,26.70581328,27,30,muskmelon
1019,29.69238699,29.1102594,27,30,muskmelon
1020,28.20619412,28.78654515,27,30,muskmelon
1021,29.05248036,23.66620626,27,30,muskmelon
1022,29.57240298,27.56918621,27,30,muskmelon
1023,29.10968327,27.95602304,27,30,muskmelon
1024,28.20480805,20.36001144,27,30,muskmelon
1025,29.11858526,24.52020164,27,30,muskmelon
1026,29.62800691,23.69586761,27,30,muskmelon
1027,29.81196601,22.68766503,27,30,muskmelon
1028,27.72338349,22.81863447,27,30,muskmelon
1029,29.26092798,28.70627683,27,30,muskmelon
1030,29.72791119,26.52364146,27,30,muskmelon
1031,28.91105641,23.44398467,27,30,muskmelon
1032,28.96361426,23.56130173,27,30,muskmelon
1033,28.59052369,29.44008034,27,30,muskmelon
1034,27.33897716,28.69113835,27,30,muskmelon
1035,29.90415889,25.37828397,27,30,muskmelon
1036,27.42711692,21.7508774,27,30,muskmelon
1037,29.55657523,28.36535596,27,30,muskmelon
1038,29.84070774,23.28207838,27,30,muskmelon
1039,28.53545677,25.1290048,27,30,muskmelon
1040,27.11535046,26.51924782,27,30,muskmelon
1041,27.84492803,26.47844429,27,30,muskmelon
1042,29.03157242,24.93861254,27,30,muskmelon
1043,27.82424457,21.19014526,27,30,muskmelon
1044,27.72653142,20.21126747,27,30,muskmelon
1045,28.69708334,22.21807088,27,30,muskmelon
1046,29.73019662,20.49035619,27,30,muskmelon
1047,29.54097171,21.9653077,27,30,muskmelon
1048,28.80311922,25.16359891,27,30,muskmelon
1049,27.29035669,23.49535234,27,30,muskmelon
1050,27.46583649,27.27899847,27,30,muskmelon
1051,29.49401389,26.30820876,27,30,muskmelon
1052,27.79161808,26.85422624,27,30,muskmelon
1053,29.12533739,21.90440445,27,30,muskmelon
1054,27.93114233,20.66127836,27,30,muskmelon
1055,29.45771748,20.76212031,27,30,muskmelon
1056,27.96872279,28.94766949,27,30,muskmelon
1057,29.48882958,26.01909355,27,30,muskmelon
1058,29.47156259,28.75226067,27,30,muskmelon
1059,27.0767265,24.4514648,27,30,muskmelon
1060,27.30008597,25.09484511,27,30,muskmelon
1061,29.82729394,22.84203589,27,30,muskmelon
1062,29.93061247,24.34814338,27,30,muskmelon
1063,29.94349168,20.39020503,27,30,muskmelon
1064,28.03306461,21.17924769,27,30,muskmelon
1065,29.8843055,21.0000988,27,30,muskmelon
1066,27.7058373,22.06207161,27,30,muskmelon
1067,29.78714005,27.8659442,27,30,muskmelon
1068,28.57819995,27.5987178,27,30,muskmelon
1069,29.48069921,26.0365768,27,30,muskmelon
1070,27.51492243,21.01796432,27,30,muskmelon
1071,28.05457761,21.84869328,27,30,muskmelon
1072,29.03167341,24.15591199,27,30,muskmelon
1073,28.5854649,26.88372572,27,30,muskmelon
1074,27.08808014,25.32159689,27,30,muskmelon
1075,27.99611732,21.61893763,27,30,muskmelon
1076,27.87317436,24.05207925,27,30,muskmelon
1077,28.96586565,22.25838137,27,30,muskmelon
1078,28.87726019,24.44267592,27,30,muskmelon
1079,29.17052093,22.06994464,27,30,muskmelon
1080,29.34033587,21.44532907,27,30,muskmelon
1081,29.07265321,28.83568362,27,30,muskmelon
1082,28.68275966,29.11187663,27,30,muskmelon
1083,28.92705913,23.20076686,27,30,muskmelon
1084,27.99901833,23.28618248,27,30,muskmelon
1085,27.59350075,24.84266123,27,30,muskmelon
1086,29.87331077,24.69720481,27,30,muskmelon
1087,28.55852465,27.26588346,27,30,muskmelon
1088,29.19378695,26.48240255,27,30,muskmelon
1089,27.98780984,27.14509034,27,30,muskmelon
1090,28.05380704,20.76582087,27,30,muskmelon
1091,27.3506296,27.21244021,27,30,muskmelon
1092,29.34081108,28.22908103,27,30,muskmelon
1093,28.61475136,28.98574189,27,30,muskmelon
1094,27.04863538,25.08146686,27,30,muskmelon
1095,29.5275305,21.13545688,27,30,muskmelon
1096,28.50416396,24.20007242,27,30,muskmelon
1097,28.89578588,23.0362503,27,30,muskmelon
1098,27.04927452,23.65747461,27,30,muskmelon
1099,28.96017885,24.7458198,27,30,muskmelon
1100,22.75088787,110.4317855,21,24,apple
1101,23.8494014,114.0512495,21,24,apple
1102,22.60800988,116.0396587,21,24,apple
1103,21.18667419,122.233323,21,24,apple
1104,23.41044706,116.0777931,21,24,apple
1105,22.86006627,117.7296726,21,24,apple
1106,22.48403042,105.5473627,21,24,apple
1107,22.02775403,121.1349176,21,24,apple
1108,21.91191314,117.0761277,21,24,apple
1109,23.71059131,112.6676589,21,24,apple
1110,21.37784654,106.1417017,21,24,apple
1111,22.84852833,123.5977843,21,24,apple
1112,23.1094265,108.183792,21,24,apple
1113,23.25230817,105.3558408,21,24,apple
1114,23.67287749,104.2298028,21,24,apple
1115,23.76881552,102.2648546,21,24,apple
1116,23.34386401,104.4267991,21,24,apple
1117,22.63946441,108.3405879,21,24,apple
1118,22.45696744,114.8407725,21,24,apple
1119,22.96388477,104.6472986,21,24,apple
1120,21.07273439,107.8737015,21,24,apple
1121,22.44075021,121.4977331,21,24,apple
1122,22.71271308,109.8852597,21,24,apple
1123,21.70416965,115.1781396,21,24,apple
1124,22.43324518,119.1025189,21,24,apple
1125,21.25941052,109.0658471,21,24,apple
1126,22.9215706,105.6941544,21,24,apple
1127,22.81212536,107.855225,21,24,apple
1128,21.12152071,102.8017203,21,24,apple
1129,21.11478672,104.5086618,21,24,apple
1130,23.59997268,107.1728191,21,24,apple
1131,23.12652652,108.6211833,21,24,apple
1132,22.98458907,122.1952483,21,24,apple
1133,22.12659387,104.5412275,21,24,apple
1134,22.53779727,101.8474768,21,24,apple
1135,22.49095104,124.3915101,21,24,apple
1136,22.35548159,116.7366261,21,24,apple
1137,22.20700989,120.1593771,21,24,apple
1138,22.44516988,107.1843273,21,24,apple
1139,22.76643029,120.4359949,21,24,apple
1140,22.19109412,112.3126628,21,24,apple
1141,23.6119202,123.5900822,21,24,apple
1142,23.86087054,105.0241329,21,24,apple
1143,21.42177231,102.8045658,21,24,apple
1144,22.36629253,124.9831618,21,24,apple
1145,23.99686172,117.6102915,21,24,apple
1146,21.80129837,120.0586671,21,24,apple
1147,23.80436344,100.6192543,21,24,apple
1148,23.71475278,121.8961665,21,24,apple
1149,23.34467359,112.8954016,21,24,apple
1150,22.31253665,113.0688155,21,24,apple
1151,23.50201428,107.9868949,21,24,apple
1152,23.46260321,111.7763395,21,24,apple
1153,23.06204373,114.7399101,21,24,apple
1154,22.47420512,124.2179699,21,24,apple
1155,22.69780133,105.0508234,21,24,apple
1156,23.66682067,105.4004751,21,24,apple
1157,22.50050273,100.9343903,21,24,apple
1158,23.83053666,109.5966791,21,24,apple
1159,23.64142354,116.6912176,21,24,apple
1160,21.41363812,118.3979065,21,24,apple
1161,22.85267372,117.5314026,21,24,apple
1162,22.98208095,109.5852253,21,24,apple
1163,21.19909519,103.6838922,21,24,apple
1164,23.87192332,103.0548094,21,24,apple
1165,21.0365275,114.7412734,21,24,apple
1166,22.61711614,116.9256766,21,24,apple
1167,21.45278675,116.7036582,21,24,apple
1168,22.81227579,109.3383552,21,24,apple
1169,21.98141856,115.4789148,21,24,apple
1170,22.52709326,115.3830068,21,24,apple
1171,22.35628673,107.7697413,21,24,apple
1172,21.19852186,105.8554351,21,24,apple
1173,23.8812458,104.9116663,21,24,apple
1174,22.78234161,122.1449949,21,24,apple
1175,22.19055385,121.6622761,21,24,apple
1176,22.91430043,118.6044645,21,24,apple
1177,23.08950736,108.2166601,21,24,apple
1178,21.72484506,121.6961761,21,24,apple
1179,22.44307715,102.5565807,21,24,apple
1180,21.1316077,122.5391946,21,24,apple
1181,22.71750705,107.0289866,21,24,apple
1182,23.75033085,117.6602827,21,24,apple
1183,23.76121837,100.825956,21,24,apple
1184,22.13450646,112.9203223,21,24,apple
1185,21.17089176,123.6495149,21,24,apple
1186,22.36238282,118.6832725,21,24,apple
1187,22.77856513,113.7759219,21,24,apple
1188,21.22503442,113.9760462,21,24,apple
1189,23.15791104,110.712841,21,24,apple
1190,22.42776057,102.7230739,21,24,apple
1191,23.64082979,116.7431319,21,24,apple
1192,22.29423493,122.7418744,21,24,apple
1193,23.35225078,113.0381382,21,24,apple
1194,22.03911546,110.9804014,21,24,apple
1195,23.80593812,119.6335548,21,24,apple
1196,22.31944084,100.1173443,21,24,apple
1197,22.14464104,120.6310784,21,24,apple
1198,23.65167552,115.3611268,21,24,apple
1199,22.16939473,124.4683112,21,24,apple
1200,15.78144173,119.035002,12,38,orange
1201,26.03097313,101.2847738,12,38,orange
1202,13.36050601,111.2266885,12,38,orange
1203,18.87957654,114.6659511,12,38,orange
1204,29.47741671,111.1727497,12,38,orange
1205,28.06903173,114.1339416,12,38,orange
1206,25.66901098,112.5424199,12,38,orange
1207,29.77149434,114.4161786,12,38,orange
1208,30.55472573,106.0711985,12,38,orange
1209,23.96147583,102.6958703,12,38,orange
1210,23.98289638,118.4901697,12,38,orange
1211,25.26052689,117.3695296,12,38,orange
1212,31.08368929,109.6894658,12,38,orange
1213,14.78003032,100.1961762,12,38,orange
1214,26.56608303,116.3796525,12,38,orange
1215,24.85903405,111.7803734,12,38,orange
1216,34.51465139,103.5684926,12,38,orange
1217,24.12188673,102.835632,12,38,orange
1218,23.85340379,103.923226,12,38,orange
1219,24.60297538,111.2948115,12,38,orange
1220,15.63211033,101.4705704,12,38,orange
1221,19.33516809,116.450422,12,38,orange
1222,28.2620488,105.2132259,12,38,orange
1223,22.67594476,110.3332655,12,38,orange
1224,21.03200078,110.6823944,12,38,orange
1225,33.23453301,115.7659902,12,38,orange
1226,22.30318989,117.3688104,12,38,orange
1227,11.50322938,115.5683776,12,38,orange
1228,14.34320488,110.2223123,12,38,orange
1229,33.1056981,119.1709113,12,38,orange
1230,30.49183837,113.3302105,12,38,orange
1231,30.25578031,116.7173125,12,38,orange
1232,12.22816189,108.4161706,12,38,orange
1233,10.01081312,119.3941064,12,38,orange
1234,22.79196751,116.5084074,12,38,orange
1235,20.18432263,116.8130969,12,38,orange
1236,30.72119881,106.8118019,12,38,orange
1237,24.35590861,119.6946577,12,38,orange
1238,21.21306973,112.9834361,12,38,orange
1239,10.78689755,117.5293447,12,38,orange
1240,11.89925671,103.5771468,12,38,orange
1241,22.56664172,109.8585753,12,38,orange
1242,18.86883219,119.3936976,12,38,orange
1243,17.34083741,112.7194284,12,38,orange
1244,34.90665289,102.1906333,12,38,orange
1245,24.53610067,115.9787989,12,38,orange
1246,13.8377282,107.9873218,12,38,orange
1247,22.3551049,101.5164589,12,38,orange
1248,34.74004942,100.1967854,12,38,orange
1249,11.54785707,108.8289171,12,38,orange
1250,23.13338811,104.4224145,12,38,orange
1251,29.98364695,115.3560318,12,38,orange
1252,20.87947369,102.4550786,12,38,orange
1253,17.24944623,112.5090516,12,38,orange
1254,15.83388699,109.7571416,12,38,orange
1255,23.01014302,112.6738296,12,38,orange
1256,16.39624284,102.944161,12,38,orange
1257,24.45132792,109.4711098,12,38,orange
1258,31.87859192,105.3437825,12,38,orange
1259,31.34920143,109.1549823,12,38,orange
1260,18.05142392,111.7793889,12,38,orange
1261,30.84835031,107.4142681,12,38,orange
1262,22.45616931,118.0069295,12,38,orange
1263,13.70319166,106.2944879,12,38,orange
1264,20.48954522,111.8391951,12,38,orange
1265,13.20844373,106.2696156,12,38,orange
1266,32.31944397,117.6236473,12,38,orange
1267,20.68185224,109.7513927,12,38,orange
1268,31.52675982,113.1169398,12,38,orange
1269,25.35467646,116.7555937,12,38,orange
1270,17.66545409,110.6857506,12,38,orange
1271,12.59093977,119.3916718,12,38,orange
1272,11.86631922,106.060149,12,38,orange
1273,11.03367937,112.7715925,12,38,orange
1274,25.2990432,117.9733424,12,38,orange
1275,32.23797837,104.7052254,12,38,orange
1276,17.68408797,108.0638166,12,38,orange
1277,10.2708877,106.6955204,12,38,orange
1278,17.22034507,108.0054343,12,38,orange
1279,19.667056,100.1737964,12,38,orange
1280,10.35609594,101.1456947,12,38,orange
1281,27.255435,101.139435,12,38,orange
1282,34.5917846,115.5650287,12,38,orange
1283,32.39523995,113.25373,12,38,orange
1284,10.16431299,106.362551,12,38,orange
1285,21.49118657,101.4819888,12,38,orange
1286,16.53460397,110.0447896,12,38,orange
1287,31.8520694,109.9455062,12,38,orange
1288,28.04799508,117.1311498,12,38,orange
1289,31.75048899,115.1989301,12,38,orange
1290,29.07412717,100.7896871,12,38,orange
1291,19.14381903,108.0230792,12,38,orange
1292,16.14820285,107.4287664,12,38,orange
1293,34.05296914,116.8020848,12,38,orange
1294,34.51423957,118.3271968,12,38,orange
1295,32.71748548,113.328978,12,38,orange
1296,25.16296632,114.3117197,12,38,orange
1297,27.68167318,113.9995146,12,38,orange
1298,21.35093384,107.0862095,12,38,orange
1299,11.69894639,103.2005992,12,38,orange
1300,35.21462816,243.0745066,21,32,papaya
1301,42.39413392,88.46607497,21,32,papaya
1302,38.4191628,119.2653877,21,32,papaya
1303,35.33294932,235.6133585,21,32,papaya
1304,42.92325255,196.2408242,21,32,papaya
1305,33.83508569,203.4044028,21,32,papaya
1306,33.20258348,197.5282582,21,32,papaya
1307,23.48546973,191.7760562,21,32,papaya
1308,29.33710543,202.0572747,21,32,papaya
1309,40.21199348,186.6762324,21,32,papaya
1310,42.13473976,197.402901,21,32,papaya
1311,32.86316618,47.271547,21,32,papaya
1312,29.80744318,232.7046126,21,32,papaya
1313,31.56213762,63.62250788,21,32,papaya
1314,36.32268069,141.1736926,21,32,papaya
1315,37.13165026,172.4788062,21,32,papaya
1316,38.4418717,77.71566883,21,32,papaya
1317,32.66160599,78.85085502,21,32,papaya
1318,27.92765919,149.9107557,21,32,papaya
1319,39.01793345,105.8841531,21,32,papaya
1320,32.51247398,51.07048113,21,32,papaya
1321,38.72382798,62.62377075,21,32,papaya
1322,43.30204933,110.562229,21,32,papaya
1323,27.58548913,238.5008779,21,32,papaya
1324,40.78881819,132.7923586,21,32,papaya
1325,23.19451074,206.3999208,21,32,papaya
1326,32.68067385,248.8592986,21,32,papaya
1327,34.28879307,127.2509777,21,32,papaya
1328,39.30050027,120.9512466,21,32,papaya
1329,39.73149053,122.7628653,21,32,papaya
1330,39.23342464,64.4478499,21,32,papaya
1331,27.34734861,40.35153141,21,32,papaya
1332,40.76998685,209.8678411,21,32,papaya
1333,26.26559543,59.49373381,21,32,papaya
1334,28.12971499,117.8201907,21,32,papaya
1335,34.2804607,98.54047745,21,32,papaya
1336,33.7960155,182.026807,21,32,papaya
1337,31.53243779,207.0735119,21,32,papaya
1338,42.30495821,74.876786,21,32,papaya
1339,24.63676897,218.2299187,21,32,papaya
1340,28.28222883,179.2720807,21,32,papaya
1341,24.48620746,183.49095,21,32,papaya
1342,42.84609252,78.8099639,21,32,papaya
1343,43.67549305,103.8235658,21,32,papaya
1344,42.07213781,165.7412972,21,32,papaya
1345,33.46873719,136.8277041,21,32,papaya
1346,31.7018373,48.83810592,21,32,papaya
1347,41.41968393,199.3096432,21,32,papaya
1348,42.54744013,214.4103848,21,32,papaya
1349,28.91842453,63.68794608,21,32,papaya
1350,43.08022702,211.8529059,21,32,papaya
1351,29.20300896,209.4083305,21,32,papaya
1352,41.04224355,181.527598,21,32,papaya
1353,25.62446619,97.26336657,21,32,papaya
1354,35.32876402,163.9069365,21,32,papaya
1355,24.42561272,63.35298768,21,32,papaya
1356,31.18298415,54.01872359,21,32,papaya
1357,31.88342554,79.27201575,21,32,papaya
1358,42.93368602,246.3613268,21,32,papaya
1359,23.11407669,231.5153161,21,32,papaya
1360,24.87212063,135.1694525,21,32,papaya
1361,43.36051537,114.778071,21,32,papaya
1362,26.83054058,144.6656444,21,32,papaya
1363,30.42012134,75.95295,21,32,papaya
1364,28.64555584,115.8163936,21,32,papaya
1365,32.50037548,71.73759526,21,32,papaya
1366,43.03714283,41.5856585,21,32,papaya
1367,30.10773379,75.24521981,21,32,papaya
1368,23.69212243,87.53393983,21,32,papaya
1369,35.67667332,141.3381168,21,32,papaya
1370,27.71948962,82.83061083,21,32,papaya
1371,35.26824831,149.8488208,21,32,papaya
1372,23.16855863,161.6892093,21,32,papaya
1373,33.08706051,88.1300769,21,32,papaya
1374,37.4620912,172.3458448,21,32,papaya
1375,38.73218907,218.142147,21,32,papaya
1376,32.57720726,93.7942847,21,32,papaya
1377,38.38231475,210.2735346,21,32,papaya
1378,42.93605359,234.8466111,21,32,papaya
1379,25.65492304,52.95477913,21,32,papaya
1380,37.58899717,159.6577388,21,32,papaya
1381,29.60718808,62.68710535,21,32,papaya
1382,25.34756111,174.4012337,21,32,papaya
1383,25.9300384,241.8202079,21,32,papaya
1384,32.76795887,240.4795923,21,32,papaya
1385,29.02328049,126.8069869,21,32,papaya
1386,40.00439101,92.11877372,21,32,papaya
1387,33.32315744,234.496633,21,32,papaya
1388,31.22790131,46.44279118,21,32,papaya
1389,26.68386496,62.50689682,21,32,papaya
1390,24.70528368,108.4103158,21,32,papaya
1391,38.2016825,218.0908814,21,32,papaya
1392,36.56769731,104.4218596,21,32,papaya
1393,26.05375792,240.6863901,21,32,papaya
1394,31.29986342,54.77830202,21,32,papaya
1395,40.10207731,149.1199989,21,32,papaya
1396,38.58954491,102.2708231,21,32,papaya
1397,41.31330062,239.7427554,21,32,papaya
1398,37.03551903,188.5181422,21,32,papaya
1399,23.0124018,208.3357976,21,32,papaya
1400,26.7627493,224.5903664,20,32,coconut
1401,25.61294367,224.3206759,20,32,coconut
1402,28.130115,151.0761899,20,32,coconut
1403,25.02887163,179.8248944,20,32,coconut
1404,27.79797651,181.6942283,20,32,coconut
1405,29.25902906,184.7624496,20,32,coconut
1406,27.10134661,150.9502632,20,32,coconut
1407,25.84726298,147.8888994,20,32,coconut
1408,26.58580443,178.8116076,20,32,coconut
1409,28.38503882,189.6711349,20,32,coconut
1410,28.43647052,145.5414413,20,32,coconut
1411,28.27298134,198.8234862,20,32,coconut
1412,27.00648436,144.3331315,20,32,coconut
1413,27.63551259,157.9171537,20,32,coconut
1414,26.29644905,215.9195049,20,32,coconut
1415,27.1326009,204.7206567,20,32,coconut
1416,25.56567803,199.7936345,20,32,coconut
1417,25.94951662,172.0540491,20,32,coconut
1418,28.03380598,218.0055713,20,32,coconut
1419,29.12859129,157.2388553,20,32,coconut
1420,27.0828252,171.7575545,20,32,coconut
1421,28.11321494,172.4813641,20,32,coconut
1422,27.5136304,156.6732553,20,32,coconut
1423,27.63834933,205.5463111,20,32,coconut
1424,29.01256899,150.0500312,20,32,coconut
1425,26.58413917,171.6262299,20,32,coconut
1426,28.28905147,142.9403233,20,32,coconut
1427,28.69164799,178.9635457,20,32,coconut
1428,29.70931288,209.8453993,20,32,coconut
1429,27.14865285,149.2433497,20,32,coconut
1430,29.28725038,132.1491176,20,32,coconut
1431,25.06871967,134.8419069,20,32,coconut
1432,26.92449525,194.9022136,20,32,coconut
1433,28.27804288,171.9457959,20,32,coconut
1434,29.18032562,204.9603677,20,32,coconut
1435,28.3575072,160.7306991,20,32,coconut
1436,29.38072512,218.5241851,20,32,coconut
1437,25.39241091,218.080385,20,32,coconut
1438,26.31270635,208.1181381,20,32,coconut
1439,29.52501367,194.3100272,20,32,coconut
1440,28.83214859,145.4172387,20,32,coconut
1441,28.48444906,160.389421,20,32,coconut
1442,28.74013335,156.7650823,20,32,coconut
1443,25.00872392,165.8092179,20,32,coconut
1444,29.8690834,192.7678575,20,32,coconut
1445,27.54273211,150.2012138,20,32,coconut
1446,26.52166434,144.6261698,20,32,coconut
1447,25.03512351,174.796583,20,32,coconut
1448,29.20394909,211.2506267,20,32,coconut
1449,27.05826457,224.7006953,20,32,coconut
1450,26.18552389,135.4186222,20,32,coconut
1451,27.59376845,162.8432736,20,32,coconut
1452,25.76011662,131.2451414,20,32,coconut
1453,28.87862994,145.0583117,20,32,coconut
1454,26.50908611,199.8778403,20,32,coconut
1455,26.87037587,214.4128874,20,32,coconut
1456,27.57283516,145.9298935,20,32,coconut
1457,28.05912437,171.6516396,20,32,coconut
1458,29.51611558,131.2116167,20,32,coconut
1459,28.96318258,222.803013,20,32,coconut
1460,25.09897688,157.7592626,20,32,coconut
1461,27.1872282,141.3220576,20,32,coconut
1462,29.03065024,205.5720367,20,32,coconut
1463,27.754298,131.0900076,20,32,coconut
1464,27.31155708,201.8258633,20,32,coconut
1465,28.84270971,224.4016682,20,32,coconut
1466,26.61423461,191.006688,20,32,coconut
1467,29.70143197,215.1968037,20,32,coconut
1468,25.54759871,212.867626,20,32,coconut
1469,26.37978453,167.0470997,20,32,coconut
1470,27.45907759,142.1430003,20,32,coconut
1471,27.02269204,147.1682459,20,32,coconut
1472,28.98545306,148.8398374,20,32,coconut
1473,26.1055118,134.1279669,20,32,coconut
1474,25.0707247,192.9036306,20,32,coconut
1475,25.54963273,191.2996157,20,32,coconut
1476,28.56973521,134.8370348,20,32,coconut
1477,26.07010807,143.533473,20,32,coconut
1478,25.51791333,178.7297725,20,32,coconut
1479,25.9490364,144.1571109,20,32,coconut
1480,28.2974764,182.4482352,20,32,coconut
1481,29.56549169,224.8315729,20,32,coconut
1482,29.69952329,148.3003692,20,32,coconut
1483,26.14162144,195.4115025,20,32,coconut
1484,26.00175125,209.540094,20,32,coconut
1485,27.15116142,164.9182225,20,32,coconut
1486,28.97318719,213.9011021,20,32,coconut
1487,26.13958446,131.3387935,20,32,coconut
1488,25.51618488,135.1272491,20,32,coconut
1489,27.55821802,174.6256481,20,32,coconut
1490,27.81132822,154.0621221,20,32,coconut
1491,25.60033702,165.8248732,20,32,coconut
1492,26.91641934,225.6323656,20,32,coconut
1493,29.1797902,188.9252083,20,32,coconut
1494,26.44600063,221.2258168,20,32,coconut
1495,28.43572863,203.9283708,20,32,coconut
1496,28.94099669,191.7723087,20,32,coconut
1497,26.45488737,149.2220255,20,32,coconut
1498,25.79490531,152.4238712,20,32,coconut
1499,26.93141945,166.5712879,20,32,coconut
1500,24.40228894,90.8022356,20,28,cotton
1501,23.09595631,71.29581071,20,28,cotton
1502,23.9656349,90.75616738,20,28,cotton
1503,24.88738107,89.76050416,20,28,cotton
1504,25.36243778,88.43618918,20,28,cotton
1505,24.69457084,78.58494391,20,28,cotton
1506,25.0017188,96.32600992,20,28,cotton
1507,22.45942937,64.23026638,20,28,cotton
1508,23.60564038,72.49800885,20,28,cotton
1509,24.58453146,71.94608134,20,28,cotton
1510,23.0865933,71.84080724,20,28,cotton
1511,23.5000992,79.81328183,20,28,cotton
1512,24.1472953,69.91563467,20,28,cotton
1513,24.69315538,89.799462,20,28,cotton
1514,24.484692,90.94342484,20,28,cotton
1515,24.49112609,64.02949379,20,28,cotton
1516,23.47986888,86.76287924,20,28,cotton
1517,24.18586246,69.08056728,20,28,cotton
1518,25.00755095,86.06411872,20,28,cotton
1519,25.99237426,89.1188212,20,28,cotton
1520,23.66457347,99.36898373,20,28,cotton
1521,25.66891439,78.59595817,20,28,cotton
1522,22.04612876,86.00758678,20,28,cotton
1523,22.4204752,93.46595573,20,28,cotton
1524,25.03149561,95.0191318,20,28,cotton
1525,23.53371386,87.54004943,20,28,cotton
1526,22.77076388,81.49543437,20,28,cotton
1527,25.49848236,67.05961949,20,28,cotton
1528,25.248679,86.55517751,20,28,cotton
1529,22.78249615,64.61444234,20,28,cotton
1530,23.37044424,71.67870701,20,28,cotton
1531,24.86560781,79.56866268,20,28,cotton
1532,24.14386157,80.36146974,20,28,cotton
1533,25.03300222,97.10087029,20,28,cotton
1534,23.65724079,88.54479121,20,28,cotton
1535,25.54359718,88.94245493,20,28,cotton
1536,22.00085141,90.42224164,20,28,cotton
1537,23.64328417,80.96157332,20,28,cotton
1538,23.96436009,84.63148859,20,28,cotton
1539,24.65425757,61.82980133,20,28,cotton
1540,24.3017998,65.0247867,20,28,cotton
1541,24.29144926,90.41694635,20,28,cotton
1542,24.29470232,81.05902285,20,28,cotton
1543,25.72180042,99.93100821,20,28,cotton
1544,24.87663664,91.9223468,20,28,cotton
1545,22.60612115,75.13617229,20,28,cotton
1546,23.86814008,90.4547185,20,28,cotton
1547,23.41022496,78.82199603,20,28,cotton
1548,24.96440768,80.03995829,20,28,cotton
1549,25.16820129,84.62419032,20,28,cotton
1550,22.72767171,77.55176318,20,28,cotton
1551,22.45145981,86.84998693,20,28,cotton
1552,23.04920461,70.65644296,20,28,cotton
1553,25.29250148,62.64174227,20,28,cotton
1554,22.95604064,66.48339303,20,28,cotton
1555,22.80213132,91.6389565,20,28,cotton
1556,23.54234715,84.12536744,20,28,cotton
1557,24.41212325,98.60457373,20,28,cotton
1558,22.94276687,67.08022574,20,28,cotton
1559,25.53676123,95.4262599,20,28,cotton
1560,25.32023717,83.46532547,20,28,cotton
1561,22.426733,65.54475812,20,28,cotton
1562,25.78544484,91.39578861,20,28,cotton
1563,25.68959532,66.19426787,20,28,cotton
1564,22.14593688,60.65381719,20,28,cotton
1565,25.07278712,93.51042684,20,28,cotton
1566,22.21506982,70.40557612,20,28,cotton
1567,23.9643129,76.13090645,20,28,cotton
1568,25.40059227,62.5138867,20,28,cotton
1569,23.7805123,66.26555904,20,28,cotton
1570,24.16402322,61.94626051,20,28,cotton
1571,25.31468463,72.82902109,20,28,cotton
1572,22.60361557,88.57395505,20,28,cotton
1573,22.9535715,99.75336197,20,28,cotton
1574,22.74446976,90.07326633,20,28,cotton
1575,23.80834611,70.97358303,20,28,cotton
1576,25.46228792,76.88582484,20,28,cotton
1577,25.96779712,74.14169043,20,28,cotton
1578,25.5308271,99.39557151,20,28,cotton
1579,24.43847399,60.79645852,20,28,cotton
1580,23.03887865,90.64770699,20,28,cotton
1581,23.51308653,80.11272117,20,28,cotton
1582,22.75805656,97.76600619,20,28,cotton
1583,24.71252544,85.24963302,20,28,cotton
1584,23.45969093,93.50153555,20,28,cotton
1585,25.5503704,78.58488484,20,28,cotton
1586,22.08458267,67.06459777,20,28,cotton
1587,24.68854799,69.31153566,20,28,cotton
1588,25.84997269,77.03421249,20,28,cotton
1589,22.46054478,71.85436078,20,28,cotton
1590,23.65629976,74.8984994,20,28,cotton
1591,22.00817088,92.23645249,20,28,cotton
1592,24.32630461,69.45072055,20,28,cotton
1593,22.92360984,92.91915074,20,28,cotton
1594,23.43821725,81.15072105,20,28,cotton
1595,22.10718988,74.94136567,20,28,cotton
1596,23.03814028,91.49697481,20,28,cotton
1597,24.54795322,63.88079866,20,28,cotton
1598,23.73868041,76.63669195,20,28,cotton
1599,22.31871914,65.35747011,20,28,cotton
1600,26.33377983,191.6549412,18,24,coffee
1601,26.45288458,144.6861336,18,24,coffee
1602,25.70822684,136.7325092,18,24,coffee
1603,24.12832546,147.2757818,18,24,coffee
1604,23.44372334,122.2103248,18,24,coffee
1605,23.4123707,139.3670753,18,24,coffee
1606,23.05951896,164.4971875,18,24,coffee
1607,23.07895447,129.8765443,18,24,coffee
1608,27.6496114,122.8392822,18,24,coffee
1609,25.46743689,171.3764462,18,24,coffee
1610,26.7350622,140.6305213,18,24,coffee
1611,26.20811417,189.0944824,18,24,coffee
1612,27.0424167,165.6872119,18,24,coffee
1613,24.65090184,135.1386537,18,24,coffee
1614,27.35152643,148.9812525,18,24,coffee
1615,25.17787724,135.0119649,18,24,coffee
1616,23.11438731,161.8944624,18,24,coffee
1617,27.22783677,175.7260273,18,24,coffee
1618,23.26316991,194.1755471,18,24,coffee
1619,25.234661,124.2261737,18,24,coffee
1620,25.59535262,195.7733251,18,24,coffee
1621,25.5674832,190.2257843,18,24,coffee
1622,25.67324193,196.2736367,18,24,coffee
1623,24.40726724,148.6977358,18,24,coffee
1624,23.69287069,144.6576424,18,24,coffee
1625,24.53460016,180.5059257,18,24,coffee
1626,27.13140403,192.4280381,18,24,coffee
1627,27.56088634,167.4358075,18,24,coffee
1628,23.59302313,191.3980675,18,24,coffee
1629,23.17714381,117.3113562,18,24,coffee
1630,24.71384065,197.6439711,18,24,coffee
1631,24.38534644,119.6324109,18,24,coffee
1632,27.15998538,126.1752206,18,24,coffee
1633,26.53543168,120.6494434,18,24,coffee
1634,27.01207284,191.4508931,18,24,coffee
1635,27.55906475,117.9389993,18,24,coffee
1636,23.32293161,168.2644287,18,24,coffee
1637,24.23850608,115.1564012,18,24,coffee
1638,23.42611644,122.6847408,18,24,coffee
1639,26.02241444,176.9020924,18,24,coffee
1640,24.83846178,124.4135035,18,24,coffee
1641,26.24092174,148.3771202,18,24,coffee
1642,24.43011925,181.6368274,18,24,coffee
1643,26.00373964,153.477776,18,24,coffee
1644,26.22367404,193.7461968,18,24,coffee
1645,27.09617155,190.2440566,18,24,coffee
1646,25.64004392,199.4735636,18,24,coffee
1647,27.74576987,139.8619431,18,24,coffee
1648,26.24928198,133.1120232,18,24,coffee
1649,26.67377159,156.1543898,18,24,coffee
1650,27.10210397,139.5013171,18,24,coffee
1651,27.62975458,196.6492664,18,24,coffee
1652,27.5364547,130.6377143,18,24,coffee
1653,23.56960509,130.3797119,18,24,coffee
1654,24.99451759,192.8736822,18,24,coffee
1655,27.56441788,177.816092,18,24,coffee
1656,23.98143338,161.5279095,18,24,coffee
1657,24.22984659,122.4073418,18,24,coffee
1658,25.60153969,168.8383605,18,24,coffee
1659,24.31274458,184.4103931,18,24,coffee
1660,26.36629861,177.3176161,18,24,coffee
1661,26.5602777,152.0616227,18,24,coffee
1662,26.35034208,121.5586297,18,24,coffee
1663,25.20406808,156.1457255,18,24,coffee
1664,23.35723208,171.6976946,18,24,coffee
1665,23.60567546,185.1568059,18,24,coffee
1666,24.18471151,163.2708732,18,24,coffee
1667,26.44414097,175.3723314,18,24,coffee
1668,26.12492233,147.8035305,18,24,coffee
1669,27.77363343,192.7121236,18,24,coffee
1670,25.55656667,193.5866233,18,24,coffee
1671,27.92374437,115.2325531,18,24,coffee
1672,26.05968403,161.3432535,18,24,coffee
1673,26.35770906,163.6269496,18,24,coffee
1674,24.91370487,129.5481144,18,24,coffee
1675,27.31317116,192.4288139,18,24,coffee
1676,26.1387869,136.3027766,18,24,coffee
1677,23.1069385,162.5769606,18,24,coffee
1678,23.52648086,171.8839938,18,24,coffee
1679,25.11711046,194.8773479,18,24,coffee
1680,24.02952505,134.6803969,18,24,coffee
1681,26.70897548,158.8608887,18,24,coffee
1682,26.71717393,126.8073984,18,24,coffee
1683,24.59245684,137.7044047,18,24,coffee
1684,27.51006055,143.9955548,18,24,coffee
1685,27.57847581,156.6810374,18,24,coffee
1686,26.65069302,145.105065,18,24,coffee
1687,26.97251562,142.8610793,18,24,coffee
1688,23.17124551,153.1201644,18,24,coffee
1689,23.52652084,186.1728203,18,24,coffee
1690,27.30901814,141.4831644,18,24,coffee
1691,27.54823036,181.4170812,18,24,coffee
1692,25.627355,188.5506536,18,24,coffee
1693,23.29250318,183.468585,18,24,coffee
1694,24.91461008,166.2549307,18,24,coffee
1695,26.77463708,177.7745075,18,24,coffee
1696,27.41711238,127.92461,18,24,coffee
1697,24.13179691,173.3228386,18,24,coffee
1698,26.2724184,127.1752928,18,24,coffee
1699,23.60301571,140.9370415,18,24,coffee
1700,26.9,96.4,18,32,cocoa
1701,26.15,129.7,18,32,cocoa
1702,26.1,124.9,18,32,cocoa
1703,25.85,139.7,18,32,cocoa
1704,25.05,113.5,18,32,cocoa
1705,24.45,152.3,18,32,cocoa
1706,25.2,165.3,18,32,cocoa
1707,26.15,127.2,18,32,cocoa
1708,25.05,48.6,18,32,cocoa
1709,24.1,12.3,18,32,cocoa
1710,25.85,49.3,18,32,cocoa
1711,27.85,109.4,18,32,cocoa
1712,25.5,139.5,18,32,cocoa
1713,26.6,246.3,18,32,cocoa
1714,25.15,408.4,18,32,cocoa
1715,24.75,163.6,18,32,cocoa
1716,24.7,53.8,18,32,cocoa
1717,25.15,102.5,18,32,cocoa
1718,27.0,187.1,18,32,cocoa
1719,27.15,114.1,18,32,cocoa
1720,25.3,50.0,18,32,cocoa
1721,27.8,98.2,18,32,cocoa
1722,27.75,163.8,18,32,cocoa
1723,27.8,288.0,18,32,cocoa
1724,27.15,457.0,18,32,cocoa
1725,25.75,133.8,18,32,cocoa
1726,25.0,29.2,18,32,cocoa
1727,26.25,70.5,18,32,cocoa
1728,27.35,156.6,18,32,cocoa
1729,27.95,134.0,18,32,cocoa
1730,25.85,67.3,18,32,cocoa
1731,27.65,27.4,18,32,cocoa
1732,29.35,71.4,18,32,cocoa
1733,27.9,111.0,18,32,cocoa
1734,26.6,154.8,18,32,cocoa
1735,25.45,252.0,18,32,cocoa
1736,23.35,322.3,18,32,cocoa
1737,28.6,234.8,18,32,cocoa
1738,26.25,125.8,18,32,cocoa
1739,23.65,24.9,18,32,cocoa
1740,26.9,11.0,18,32,cocoa
1741,27.95,124.4,18,32,cocoa
1742,27.55,157.8,18,32,cocoa
1743,27.3,180.7,18,32,cocoa
1744,26.35,191.1,18,32,cocoa
1745,25.4,129.2,18,32,cocoa
1746,25.0,76.9,18,32,cocoa
1747,25.8,148.9,18,32,cocoa
1748,26.4,170.2,18,32,cocoa
1749,26.75,60.1,18,32,cocoa
1750,25.9,32.6,18,32,cocoa
1751,29.05,127.2,18,32,cocoa
1752,28.75,144.3,18,32,cocoa
1753,28.3,179.8,18,32,cocoa
1754,27.25,216.0,18,32,cocoa
1755,26.4,127.2,18,32,cocoa
1756,26.0,95.9,18,32,cocoa
1757,26.75,137.4,18,32,cocoa
1758,27.35,170.7,18,32,cocoa
1759,27.8,73.3,18,32,cocoa
1760,27.2,36.5,18,32,cocoa
1761,28.4,108.9,18,32,cocoa
1762,27.55,153.9,18,32,cocoa
1763,27.0,143.2,18,32,cocoa
1764,25.9,183.3,18,32,cocoa
1765,24.95,99.9,18,32,cocoa
1766,24.6,74.5,18,32,cocoa
1767,25.25,161.0,18,32,cocoa
1768,25.85,162.2,18,32,cocoa
1769,26.45,45.6,18,32,cocoa
1770,28.15,37.8,18,32,cocoa
1771,28.45,119.4,18,32,cocoa
1772,28.15,152.1,18,32,cocoa
1773,27.6,175.7,18,32,cocoa
1774,26.6,191.8,18,32,cocoa
1775,25.75,135.7,18,32,cocoa
1776,25.5,78.2,18,32,cocoa
1777,26.25,119.2,18,32,cocoa
1778,26.95,201.6,18,32,cocoa
1779,27.25,106.8,18,32,cocoa
1780,28.5,60.3,18,32,cocoa
1781,28.1,97.5,18,32,cocoa
1782,27.9,168.2,18,32,cocoa
1783,27.25,316.0,18,32,cocoa
1784,26.2,491.7,18,32,cocoa
1785,25.55,168.7,18,32,cocoa
1786,25.0,59.6,18,32,cocoa
1787,25.55,85.8,18,32,cocoa
1788,26.35,201.8,18,32,cocoa
1789,27.0,138.5,18,32,cocoa
1790,27.25,65.5,18,32,cocoa
1791,30.0,10.8,18,32,cocoa
1792,30.75,37.0,18,32,cocoa
1793,29.9,93.9,18,32,cocoa
1794,28.85,128.8,18,32,cocoa
1795,27.4,217.2,18,32,cocoa
1796,26.45,210.9,18,32,cocoa
1797,26.15,227.6,18,32,cocoa
1798,26.65,252.3,18,32,cocoa
1799,27.55,142.7,18,32,cocoa
1800,28.3,22.2,18,32,cocoa
1801,25.55,11.7,3,32,wheat
1802,31.05,7.5,3,32,wheat
1803,33.75,21.3,3,32,wheat
1804,32.85,137.3,3,32,wheat
1805,29.75,313.9,3,32,wheat
1806,29.05,327.6,3,32,wheat
1807,28.95,205.7,3,32,wheat
1808,26.75,52.6,3,32,wheat
1809,19.75,19.0,3,32,wheat
1810,16.9,20.1,3,32,wheat
1811,22.85,55.1,3,32,wheat
1812,25.6,147.0,3,32,wheat
1813,26.85,248.9,3,32,wheat
1814,28.25,316.8,3,32,wheat
1815,28.65,351.2,3,32,wheat
1816,28.8,269.4,3,32,wheat
1817,28.1,187.0,3,32,wheat
1818,26.05,90.9,3,32,wheat
1819,22.15,18.5,3,32,wheat
1820,19.05,17.2,3,32,wheat
1821,22.5,14.5,3,32,wheat
1822,28.75,10.7,3,32,wheat
1823,33.0,14.1,3,32,wheat
1824,33.85,66.3,3,32,wheat
1825,31.1,198.4,3,32,wheat
1826,29.9,206.5,3,32,wheat
1827,29.35,130.3,3,32,wheat
1828,26.15,20.8,3,32,wheat
1829,20.4,3.9,3,32,wheat
1830,17.0,21.0,3,32,wheat
1831,26.75,0.1,3,32,wheat
1832,28.4,0.5,3,32,wheat
1833,29.85,20.6,3,32,wheat
1834,29.15,504.2,3,32,wheat
1835,27.55,819.4,3,32,wheat
1836,27.2,546.8,3,32,wheat
1837,27.3,325.2,3,32,wheat
1838,28.25,81.1,3,32,wheat
1839,27.15,113.2,3,32,wheat
1840,25.2,4.1,3,32,wheat
1841,13.5,122.2,3,32,wheat
1842,16.25,270.9,3,32,wheat
1843,17.65,527.7,3,32,wheat
1844,19.1,611.3,3,32,wheat
1845,19.3,628.6,3,32,wheat
1846,19.45,563.2,3,32,wheat
1847,18.65,463.4,3,32,wheat
1848,16.6,177.9,3,32,wheat
1849,13.25,41.7,3,32,wheat
1850,10.0,21.1,3,32,wheat
1851,28.45,6.2,3,32,wheat
1852,29.85,37.2,3,32,wheat
1853,29.35,77.6,3,32,wheat
1854,26.35,81.6,3,32,wheat
1855,24.85,71.6,3,32,wheat
1856,24.75,86.7,3,32,wheat
1857,25.15,126.6,3,32,wheat
1858,25.55,121.1,3,32,wheat
1859,24.0,36.6,3,32,wheat
1860,22.65,8.6,3,32,wheat
1861,24.4,9.4,3,32,wheat
1862,29.6,11.7,3,32,wheat
1863,31.85,36.1,3,32,wheat
1864,31.5,166.7,3,32,wheat
1865,29.05,339.1,3,32,wheat
1866,28.75,232.3,3,32,wheat
1867,26.65,60.4,3,32,wheat
1868,29.45,342.7,3,32,wheat
1869,18.65,15.2,3,32,wheat
1870,21.6,4.9,3,32,wheat
1871,27.6,1.2,3,32,wheat
1872,24.4,9.4,3,32,wheat
1873,29.6,11.7,3,32,wheat
1874,31.85,36.1,3,32,wheat
1875,31.5,166.7,3,32,wheat
1876,29.95,342.7,3,32,wheat
1877,29.05,339.1,3,32,wheat
1878,28.25,232.3,3,32,wheat
1879,21.65,60.4,3,32,wheat
1880,18.65,15.2,3,32,wheat
1881,15.55,14.2,3,32,wheat
1882,25.15,4.0,3,32,wheat
1883,28.3,3.2,3,32,wheat
1884,29.3,10.3,3,32,wheat
1885,27.45,62.9,3,32,wheat
1886,25.1,257.0,3,32,wheat
1887,24.3,245.8,3,32,wheat
1888,24.5,98.5,3,32,wheat
1889,25.1,19.6,3,32,wheat
1890,22.3,7.8,3,32,wheat
1891,20.35,5.4,3,32,wheat
1892,13.35,37.0,3,32,wheat
1893,18.65,102.0,3,32,wheat
1894,22.45,159.0,3,32,wheat
1895,22.3,166.0,3,32,wheat
1896,28.35,171.0,3,32,wheat
1897,28.65,138.0,3,32,wheat
1898,23.45,149.0,3,32,wheat
1899,18.5,96.0,3,32,wheat
1900,13.55,53.0,3,32,wheat
1901,9.05,26.0,3,32,wheat
