temperature,rainfall,temp_min,temp_max,label
20.87974371,202.9355362,18,28,rice
21.77046169,226.6555374,18,28,rice
23.00445915,263.9642476,18,28,rice
26.49109635,242.8640342,18,28,rice
20.13017482,262.7173405,18,28,rice
23.05804872,251.0549998,18,28,rice
22.70883798,271.3248604,18,28,rice
20.27774362,241.9741949,18,28,rice
24.51588066,230.4462359,18,28,rice
23.22397386,221.2091958,18,28,rice
26.52723513,264.6148697,18,28,rice
23.97898217,250.0832336,18,28,rice
26.80079604,284.4364567,18,28,rice
24.01497622,185.2773389,18,28,rice
25.66585205,209.5869708,18,28,rice
24.28209415,231.0863347,18,28,rice
21.58711777,276.6552459,18,28,rice
23.79391957,206.2611855,18,28,rice
21.8652524,224.5550169,18,28,rice
23.57943626,291.2986618,18,28,rice
21.32504158,185.4974732,18,28,rice
25.15745531,231.3843163,18,28,rice
21.94766735,213.3560921,18,28,rice
21.0525355,233.1075816,18,28,rice
23.48381344,224.0581164,18,28,rice
25.0756354,257.0038865,18,28,rice
26.35927159,271.3586137,18,28,rice
24.52922681,260.2634026,18,28,rice
20.77576147,240.0810647,18,28,rice
22.30157427,197.9791215,18,28,rice
21.44653958,272.2017204,18,28,rice
22.17931888,200.0882787,18,28,rice
24.52783742,224.6757231,18,28,rice
20.26707606,270.4417274,18,28,rice
25.7354293,233.1321372,18,28,rice
26.79533926,193.3473987,18,28,rice
26.75754171,272.2999056,18,28,rice
23.86330467,285.2493645,18,28,rice
21.01944696,298.4018471,18,28,rice
24.17298839,257.0343554,18,28,rice
22.78133816,248.7183228,18,28,rice
25.62980105,209.9001977,18,28,rice
25.59704938,200.834898,18,28,rice
23.83067496,298.5601175,18,28,rice
26.31355498,265.5355937,18,28,rice
24.8972823,183.6793207,18,28,rice
24.958779,196.9560008,18,28,rice
23.24113501,233.0453455,18,28,rice
21.66628296,210.8142087,18,28,rice
24.63544858,253.7202781,18,28,rice
23.43121862,219.9048349,18,28,rice
20.0454142,208.5810155,18,28,rice
23.85724032,195.0948311,18,28,rice
21.97199397,227.3637009,18,28,rice
26.22916897,286.5083725,18,28,rice
23.44676801,283.9338466,18,28,rice
25.65553461,217.3788583,18,28,rice
24.44345477,267.9761948,18,28,rice
20.2801937,191.9535738,18,28,rice
21.7238313,277.9626192,18,28,rice
20.41447029,245.1511304,18,28,rice
25.75528612,245.6626799,18,28,rice
20.61521424,279.5451717,18,28,rice
21.84106875,202.3838319,18,28,rice
20.08369642,263.6372176,18,28,rice
24.45802087,182.5616319,18,28,rice
21.14347496,198.6730942,18,28,rice
25.78720567,243.5120414,18,28,rice
23.64124821,263.1103304,18,28,rice
23.43191632,269.5039162,18,28,rice
24.97669518,204.8001847,18,28,rice
22.72791041,260.8875056,18,28,rice
24.87300744,295.6094492,18,28,rice
21.32376327,192.3197536,18,28,rice
26.29465461,257.4914906,18,28,rice
22.2286982,278.0791793,18,28,rice
26.73072391,280.4044392,18,28,rice
24.88921174,185.9461429,18,28,rice
26.88444878,194.5766559,18,28,rice
22.67846116,200.9133156,18,28,rice
26.08867875,182.9043504,18,28,rice
25.42977518,195.3574542,18,28,rice
26.40323239,223.3671883,18,28,rice
26.04371967,186.7536773,18,28,rice
25.2827223,220.1156708,18,28,rice
22.08576562,231.7364957,18,28,rice
23.28617173,242.3170629,18,28,rice
25.48591986,182.6549356,18,28,rice
23.67575393,233.7034975,18,28,rice
20.82477109,230.2242223,18,28,rice
26.92995077,290.6793783,18,28,rice
23.83509503,241.2013513,18,28,rice
26.52872817,218.9163567,18,28,rice
26.46428311,248.2256491,18,28,rice
22.69657794,256.9964761,18,28,rice
22.68319059,194.2651719,18,28,rice
21.53346343,295.9248796,18,28,rice
21.40865769,287.5766935,18,28,rice
26.54348085,183.6222657,18,28,rice
23.35905428,188.413665,18,28,rice
22.61359953,87.75953857,10,30,maize
26.10018422,102.2662445,10,30,maize
23.55882094,66.71995467,10,30,maize
19.97215954,60.65171481,10,30,maize
18.47891261,65.43835393,10,30,maize
21.77689322,102.0861694,10,30,maize
25.6217169,105.4654703,10,30,maize
25.19192419,78.06639649,10,30,maize
20.41683147,65.27798457,10,30,maize
24.92162194,109.2162279,10,30,maize
23.31689124,94.29712821,10,30,maize
24.84016732,74.05474936,10,30,maize
22.27526694,63.87020584,10,30,maize
18.87751445,94.76189431,10,30,maize
25.19008683,72.12375573,10,30,maize
18.25405352,63.72358154,10,30,maize
24.6129118,104.1626147,10,30,maize
25.1420613,76.68456006,10,30,maize
23.09348056,65.49730729,10,30,maize
18.05033737,84.23613484,10,30,maize
24.9321581,79.74078719,10,30,maize
18.14710054,88.07753741,10,30,maize
18.28362235,80.97573281,10,30,maize
18.83344471,79.7532896,10,30,maize
25.71895816,74.51490791,10,30,maize
25.33797709,96.46380213,10,30,maize
23.89114571,102.8301942,10,30,maize
21.53574127,102.4852929,10,30,maize
23.08974909,70.43473609,10,30,maize
25.61707368,108.8303762,10,30,maize
21.44526922,65.88951188,10,30,maize
18.51816776,90.988051,10,30,maize
22.53510514,64.40866039,10,30,maize
23.02038334,63.03843397,10,30,maize
24.89364635,87.9298085,10,30,maize
25.77175115,107.4931917,10,30,maize
19.39851734,60.95197486,10,30,maize
21.54156232,109.7515385,10,30,maize
23.79746068,91.76337172,10,30,maize
18.9802729,94.26249353,10,30,maize
24.10859207,71.07562236,10,30,maize
24.7947077,76.72860067,10,30,maize
21.63162756,69.21803098,10,30,maize
25.37548751,101.7004306,10,30,maize
22.21738222,106.6213157,10,30,maize
20.58314011,66.29390357,10,30,maize
24.87502824,91.26056654,10,30,maize
20.03728219,109.024141,10,30,maize
25.95263264,99.57981207,10,30,maize
19.28889933,71.3195307,10,30,maize
20.57981887,78.34604471,10,30,maize
24.71417533,88.45361858,10,30,maize
20.27317074,62.50351892,10,30,maize
18.41932981,76.41312437,10,30,maize
23.39128187,107.3198135,10,30,maize
19.84939404,100.7689246,10,30,maize
21.869274,107.2681929,10,30,maize
22.8056033,101.5952794,10,30,maize
19.0781471,80.72515943,10,30,maize
22.02720976,83.73280082,10,30,maize
23.80546189,89.9622014,10,30,maize
18.52510753,88.10234397,10,30,maize
23.50297882,64.77791424,10,30,maize
26.54986394,73.33636055,10,30,maize
19.29563411,83.21030571,10,30,maize
20.68899915,103.651438,10,30,maize
19.32666088,84.22969177,10,30,maize
24.60532218,96.59195302,10,30,maize
22.27373646,67.96704792,10,30,maize
25.70196694,83.20711308,10,30,maize
19.20129357,87.85092352,10,30,maize
21.70181447,95.71388473,10,30,maize
20.51716779,67.61013737,10,30,maize
23.30355338,97.59081274,10,30,maize
24.2547451,64.23845455,10,30,maize
24.86374934,75.82270467,10,30,maize
22.6265115,88.17251033,10,30,maize
18.04185513,104.2321615,10,30,maize
23.26237612,67.10225139,10,30,maize
22.88330922,67.72777298,10,30,maize
25.97482359,103.2234212,10,30,maize
26.14384005,107.2361366,10,30,maize
18.66116213,75.03247667,10,30,maize
25.10787449,78.16077693,10,30,maize
23.33844615,105.0083144,10,30,maize
25.08239719,62.49190812,10,30,maize
25.36768364,107.9124111,10,30,maize
25.34217103,74.52082026,10,30,maize
25.00933355,62.91359494,10,30,maize
18.66746724,69.93293255,10,30,maize
20.37999665,108.5054416,10,30,maize
18.09300227,78.96159541,10,30,maize
26.16985907,79.84925393,10,30,maize
18.65396672,93.62039175,10,30,maize
26.07470121,85.75692395,10,30,maize
18.92851916,82.34162918,10,30,maize
23.30546753,108.7603001,10,30,maize
18.74826712,70.23401597,10,30,maize
19.74213321,65.50861389,10,30,maize
25.73044432,98.73771338,10,30,maize
17.02498456,88.55123143,10,35,chickpea
19.02061277,79.92698081,10,35,chickpea
17.88776475,68.54932919,10,35,chickpea
18.86805647,88.51048983,10,35,chickpea
18.36952567,79.26357665,10,35,chickpea
20.45078582,92.68373702,10,35,chickpea
20.6543203,74.6631118,10,35,chickpea
17.3348681,82.61734721,10,35,chickpea
18.17912258,81.84997529,10,35,chickpea
18.01272266,81.98568791,10,35,chickpea
20.99373558,93.55280105,10,35,chickpea
19.46233971,74.58565097,10,35,chickpea
19.81344531,78.96514709,10,35,chickpea
18.97424756,80.7108745,10,35,chickpea
18.19737048,70.18185181,10,35,chickpea
18.72963144,71.58010169,10,35,chickpea
20.99502153,73.50734019,10,35,chickpea
20.28155898,82.52339655,10,35,chickpea
17.48042641,66.96980581,10,35,chickpea
20.88818675,90.46228334,10,35,chickpea
17.08498521,71.31007253,10,35,chickpea
20.09340593,85.74904898,10,35,chickpea
17.57212145,89.31050665,10,35,chickpea
19.12065218,85.52950164,10,35,chickpea
18.57665902,72.94940441,10,35,chickpea
17.16606398,72.32667516,10,35,chickpea
18.2872007,74.87445574,10,35,chickpea
19.03025305,94.70992037,10,35,chickpea
17.1418614,83.74606679,10,35,chickpea
17.47809436,78.92060234,10,35,chickpea
20.56601874,83.75937135,10,35,chickpea
17.22385224,76.57580954,10,35,chickpea
19.69141713,91.76071648,10,35,chickpea
17.84851658,76.32470713,10,35,chickpea
18.8202251,89.73119396,10,35,chickpea
17.47500984,93.35034262,10,35,chickpea
18.72649425,81.20176515,10,35,chickpea
18.65580107,81.70769297,10,35,chickpea
18.2356751,83.74879344,10,35,chickpea
18.81198127,77.5429424,10,35,chickpea
18.65054116,77.92798682,10,35,chickpea
20.36720401,82.2545577,10,35,chickpea
18.38120357,70.52056697,10,35,chickpea
17.17012591,72.78624223,10,35,chickpea
19.37101121,85.24819851,10,35,chickpea
17.92845928,85.37378769,10,35,chickpea
19.45339934,75.6317566,10,35,chickpea
19.12829388,89.61857826,10,35,chickpea
19.1034283,75.49101167,10,35,chickpea
17.48504075,86.05078037,10,35,chickpea
19.40751744,80.25064637,10,35,chickpea
20.18649426,78.26039559,10,35,chickpea
17.30287885,75.57790384,10,35,chickpea
17.50361137,72.9446671,10,35,chickpea
18.17234999,90.7760707,10,35,chickpea
17.57445618,77.81891424,10,35,chickpea
20.93175255,78.06910795,10,35,chickpea
19.71098332,85.57925437,10,35,chickpea
19.07937684,69.40619137,10,35,chickpea
18.54988627,76.32565249,10,35,chickpea
18.19903647,80.6405403,10,35,chickpea
18.88852533,80.1113384,10,35,chickpea
18.49311205,91.94595352,10,35,chickpea
19.48974337,87.51312796,10,35,chickpea
17.25769499,94.00287214,10,35,chickpea
19.62416326,88.4585692,10,35,chickpea
20.67526473,84.78344008,10,35,chickpea
20.02381489,68.97806542,10,35,chickpea
20.1187446,88.68168643,10,35,chickpea
20.65691793,65.23811143,10,35,chickpea
19.2582557,65.78042032,10,35,chickpea
17.927806,74.63872762,10,35,chickpea
19.16288268,82.69766829,10,35,chickpea
20.26942271,69.64449182,10,35,chickpea
17.09104223,87.27444866,10,35,chickpea
17.06579293,70.87150577,10,35,chickpea
20.62767492,92.06630306,10,35,chickpea
20.8248451,79.20509212,10,35,chickpea
19.46210401,68.81405149,10,35,chickpea
17.18248372,72.85017344,10,35,chickpea
17.48911699,79.45758333,10,35,chickpea
17.48395377,65.11365631,10,35,chickpea
19.48316794,80.4986291,10,35,chickpea
19.71359733,73.64476535,10,35,chickpea
19.48649305,81.5284269,10,35,chickpea
19.95264829,88.6810311,10,35,chickpea
19.41789736,68.4951189,10,35,chickpea
19.45591848,78.44910564,10,35,chickpea
20.19137759,77.33795356,10,35,chickpea
18.8392908,94.78189594,10,35,chickpea
20.71219282,94.03659867,10,35,chickpea
18.99424448,78.69707199,10,35,chickpea
19.96837462,69.15759062,10,35,chickpea
17.81564548,90.82097601,10,35,chickpea
20.71424384,76.77888672,10,35,chickpea
17.34150229,67.9545435,10,35,chickpea
17.43732714,73.0926704,10,35,chickpea
18.89780215,69.09512477,10,35,chickpea
18.59190771,89.60982451,10,35,chickpea
18.31561493,81.78710463,10,35,chickpea
17.13692774,128.256862,10,25,kidneybeans
19.63474332,106.3598183,10,25,kidneybeans
22.91350245,109.225556,10,25,kidneybeans
16.43340342,140.3717815,10,25,kidneybeans
22.13974653,76.64128258,10,25,kidneybeans
17.84806561,143.0984171,10,25,kidneybeans
19.88394011,60.91974792,10,25,kidneybeans
19.32509638,104.7783947,10,25,kidneybeans
18.4167001,132.9801054,10,25,kidneybeans
21.81167649,130.0608093,10,25,kidneybeans
19.72702528,143.7630894,10,25,kidneybeans
17.15432954,87.99669731,10,25,kidneybeans
19.62207826,144.1567454,10,25,kidneybeans
21.63149148,134.3649948,10,25,kidneybeans
16.06522754,88.06638775,10,25,kidneybeans
20.61162204,69.63833855,10,25,kidneybeans
21.42451099,116.5206923,10,25,kidneybeans
19.07096165,86.21917578,10,25,kidneybeans
21.18853178,137.1948633,10,25,kidneybeans
23.0429097,108.3684316,10,25,kidneybeans
20.65375833,67.71768947,10,25,kidneybeans
18.09551014,144.7902323,10,25,kidneybeans
18.23775702,69.44951585,10,25,kidneybeans
17.48189735,121.9401369,10,25,kidneybeans
19.9191786,82.68554379,10,25,kidneybeans
20.27514686,139.7521543,10,25,kidneybeans
15.77370214,108.3441414,10,25,kidneybeans
16.71170642,96.77285817,10,25,kidneybeans
17.66148158,100.6711761,10,25,kidneybeans
18.50692825,87.0513289,10,25,kidneybeans
24.51324787,64.19497947,10,25,kidneybeans
18.87614998,105.4120514,10,25,kidneybeans
21.59343016,61.13872036,10,25,kidneybeans
20.12373284,106.158201,10,25,kidneybeans
15.43546065,139.0302034,10,25,kidneybeans
22.64236876,122.3886015,10,25,kidneybeans
21.98560799,129.5650601,10,25,kidneybeans
20.53052663,120.4509288,10,25,kidneybeans
15.78601387,95.17028129,10,25,kidneybeans
19.6365349,96.65888933,10,25,kidneybeans
20.57341244,87.87869161,10,25,kidneybeans
20.16080524,138.2362122,10,25,kidneybeans
21.53989176,120.6913038,10,25,kidneybeans
15.53834801,107.3850593,10,25,kidneybeans
19.91853092,108.6434544,10,25,kidneybeans
20.76952209,109.0193712,10,25,kidneybeans
23.46168338,95.84253438,10,25,kidneybeans
24.32116642,60.27552528,10,25,kidneybeans
20.12574053,100.0497183,10,25,kidneybeans
21.80619564,125.0972687,10,25,kidneybeans
19.52226241,113.334026,10,25,kidneybeans
17.00067625,103.2926407,10,25,kidneybeans
16.78791503,75.45328039,10,25,kidneybeans
24.84906168,62.21292186,10,25,kidneybeans
16.51783455,98.77794225,10,25,kidneybeans
18.15300153,107.6907964,10,25,kidneybeans
23.18864385,63.38208822,10,25,kidneybeans
23.38002569,87.66898664,10,25,kidneybeans
18.358923,138.414764,10,25,kidneybeans
19.25975367,94.9533526,10,25,kidneybeans
22.95458237,107.7315386,10,25,kidneybeans
20.120043,104.6252153,10,25,kidneybeans
21.14011423,141.6056722,10,25,kidneybeans
24.92360104,62.7089169,10,25,kidneybeans
15.33042636,135.3315583,10,25,kidneybeans
18.81097271,125.084915,10,25,kidneybeans
23.44260668,107.4137246,10,25,kidneybeans
22.8352024,63.59276673,10,25,kidneybeans
24.9035819,146.4727237,10,25,kidneybeans
23.78709569,119.6404412,10,25,kidneybeans
22.05592283,126.7265372,10,25,kidneybeans
18.87492997,134.1811718,10,25,kidneybeans
18.62328774,135.3378033,10,25,kidneybeans
23.00884744,100.118612,10,25,kidneybeans
19.33162606,68.51253427,10,25,kidneybeans
16.24469193,66.97053257,10,25,kidneybeans
17.91652287,69.14681022,10,25,kidneybeans
15.46789263,88.88796102,10,25,kidneybeans
17.06104474,81.83420522,10,25,kidneybeans
21.32776028,109.1013261,10,25,kidneybeans
23.90910104,81.60211243,10,25,kidneybeans
23.89756791,112.6616435,10,25,kidneybeans
22.98666928,143.8584938,10,25,kidneybeans
21.35135729,146.4548645,10,25,kidneybeans
24.1638445,116.7324324,10,25,kidneybeans
24.62835037,149.7441028,10,25,kidneybeans
21.02213209,124.6118471,10,25,kidneybeans
17.30844532,115.199245,10,25,kidneybeans
23.82576704,84.64143632,10,25,kidneybeans
19.30607278,129.3449326,10,25,kidneybeans
16.03768615,130.3900798,10,25,kidneybeans
19.18572809,80.15293435,10,25,kidneybeans
19.92889503,64.02640797,10,25,kidneybeans
19.56376468,139.2921004,10,25,kidneybeans
18.31357543,76.14153904,10,25,kidneybeans
20.10993761,73.36386477,10,25,kidneybeans
23.60506572,100.5978728,10,25,kidneybeans
19.73136909,84.06354115,10,25,kidneybeans
20.93409877,133.1914419,10,25,kidneybeans
18.78226261,104.2570723,10,25,kidneybeans
28.05153602,43.35795377,18,30,lentil
19.44084326,46.83130119,18,30,lentil
29.84823072,46.80452595,18,30,lentil
21.36383757,46.6352865,18,30,lentil
26.28663931,46.13833007,18,30,lentil
22.17499963,53.46622584,18,30,lentil
26.57597546,50.89110726,18,30,lentil
26.58972517,50.90994463,18,30,lentil
19.1345771,36.46946971,18,30,lentil
28.75273118,35.15426171,18,30,lentil
25.78746268,49.14337177,18,30,lentil
23.89271875,52.55730112,18,30,lentil
28.67408774,42.96018627,18,30,lentil
28.42062847,49.02366803,18,30,lentil
21.35499456,41.78219834,18,30,lentil
21.12695586,38.71834464,18,30,lentil
24.02037872,49.78102578,18,30,lentil
25.40474421,51.92057267,18,30,lentil
29.03017561,54.9393771,18,30,lentil
20.21368219,50.89732989,18,30,lentil
29.19585548,44.93261911,18,30,lentil
18.29783597,49.39111479,18,30,lentil
27.41434987,44.43177543,18,30,lentil
24.84063998,48.77790371,18,30,lentil
29.94413861,40.37113729,18,30,lentil
25.87990287,47.89645224,18,30,lentil
20.0467711,46.05333124,18,30,lentil
22.99451999,54.49044154,18,30,lentil
25.13163619,49.04015558,18,30,lentil
28.49584395,53.14531023,18,30,lentil
18.28766124,48.60449438,18,30,lentil
24.38041875,53.13946695,18,30,lentil
21.31852148,45.42616802,18,30,lentil
18.54141834,44.07819743,18,30,lentil
25.28710601,49.37369982,18,30,lentil
25.43459777,41.02682925,18,30,lentil
28.83600962,44.08562546,18,30,lentil
27.37659643,49.47371773,18,30,lentil
28.31886863,45.36521251,18,30,lentil
27.4818649,37.81123974,18,30,lentil
18.28072173,48.80253285,18,30,lentil
27.61204997,42.72374404,18,30,lentil
23.43974653,45.40277297,18,30,lentil
20.95628486,52.39881209,18,30,lentil
23.7937153,49.73922097,18,30,lentil
22.6371424,38.30411077,18,30,lentil
21.53577883,35.75107592,18,30,lentil
29.87854588,44.95654782,18,30,lentil
25.2653291,48.33941188,18,30,lentil
25.17885316,35.03484812,18,30,lentil
24.12192608,44.23629285,18,30,lentil
23.33565221,36.18678721,18,30,lentil
21.74600081,50.43306085,18,30,lentil
27.60195453,54.37814199,18,30,lentil
24.388717,47.26052494,18,30,lentil
24.98287462,38.21370568,18,30,lentil
28.234829,35.36831423,18,30,lentil
26.03026959,37.11395801,18,30,lentil
28.04849594,37.15824966,18,30,lentil
24.87425505,48.28137482,18,30,lentil
23.97081395,53.40906048,18,30,lentil
20.06003985,42.89509057,18,30,lentil
19.59221047,41.7704893,18,30,lentil
29.77013109,35.69674138,18,30,lentil
27.52135365,48.06491307,18,30,lentil
25.62896213,45.49683991,18,30,lentil
20.39078312,53.31508572,18,30,lentil
25.39038396,39.18374505,18,30,lentil
24.91079638,42.19740397,18,30,lentil
27.70496805,37.46160727,18,30,lentil
18.06486101,51.54922825,18,30,lentil
18.13027797,50.6128521,18,30,lentil
23.82723528,46.90725077,18,30,lentil
23.19305333,49.55213308,18,30,lentil
25.08966129,41.45486619,18,30,lentil
25.86928193,36.68284038,18,30,lentil
18.43966037,39.00992137,18,30,lentil
27.14911056,52.50812701,18,30,lentil
23.33375853,47.01510708,18,30,lentil
26.7230014,42.87274897,18,30,lentil
19.55750776,53.04669416,18,30,lentil
26.13708256,46.48280681,18,30,lentil
27.99990346,49.94043064,18,30,lentil
29.05941162,36.5011366,18,30,lentil
25.71269843,50.17067771,18,30,lentil
21.79792649,46.62370222,18,30,lentil
24.70626432,53.12442925,18,30,lentil
20.94981756,44.23913012,18,30,lentil
24.84918386,41.61080544,18,30,lentil
21.91041045,36.10211371,18,30,lentil
25.93381964,51.02372773,18,30,lentil
29.82112112,51.56461082,18,30,lentil
27.52185591,45.20841071,18,30,lentil
27.99627907,46.10585191,18,30,lentil
20.76774783,47.9271552,18,30,lentil
23.05276444,52.60285259,18,30,lentil
21.65845777,38.07659414,18,30,lentil
26.25070298,40.8106299,18,30,lentil
20.97195263,53.10207889,18,30,lentil
23.89736406,40.74536757,18,30,lentil
24.55981624,111.9684622,5,37,pomegranate
19.65690085,108.0458926,5,37,pomegranate
18.78359608,102.5184759,5,37,pomegranate
24.1469628,110.2316633,5,37,pomegranate
22.44581266,109.3905998,5,37,pomegranate
24.96273236,109.4169192,5,37,pomegranate
22.5526059,104.8955643,5,37,pomegranate
22.77035608,106.9659201,5,37,pomegranate
19.20090378,108.0423555,5,37,pomegranate
23.12808226,109.3930157,5,37,pomegranate
24.92639065,104.7693804,5,37,pomegranate
24.77464458,105.7595811,5,37,pomegranate
19.8671184,108.3168858,5,37,pomegranate
24.26601316,104.5375109,5,37,pomegranate
23.62600218,107.6836871,5,37,pomegranate
19.67832052,108.5468633,5,37,pomegranate
22.36509395,104.8216333,5,37,pomegranate
21.57936934,102.8593382,5,37,pomegranate
18.26233221,108.0756727,5,37,pomegranate
23.71028128,105.6499907,5,37,pomegranate
22.48720144,111.6631582,5,37,pomegranate
21.6602498,112.4349689,5,37,pomegranate
20.13037175,107.3416913,5,37,pomegranate
18.41164435,105.1834976,5,37,pomegranate
19.68291173,111.2818551,5,37,pomegranate
23.20242586,109.0946323,5,37,pomegranate
18.92157197,102.8013275,5,37,pomegranate
22.10621387,106.8704803,5,37,pomegranate
18.47412402,108.4758509,5,37,pomegranate
19.81069447,102.860084,5,37,pomegranate
24.4880844,103.1969341,5,37,pomegranate
18.75927679,111.0196744,5,37,pomegranate
19.54128063,104.3739878,5,37,pomegranate
18.91251245,111.2800516,5,37,pomegranate
19.91330523,104.0277061,5,37,pomegranate
19.72620525,108.2287276,5,37,pomegranate
23.83185873,111.2232716,5,37,pomegranate
24.94467632,103.8799347,5,37,pomegranate
24.692258,104.6735454,5,37,pomegranate
24.72485577,111.2787584,5,37,pomegranate
20.12644921,108.065579,5,37,pomegranate
21.02432943,104.7847006,5,37,pomegranate
22.40423537,109.8695196,5,37,pomegranate
20.33691147,110.9653137,5,37,pomegranate
24.24779615,106.9216033,5,37,pomegranate
24.81530144,109.2853418,5,37,pomegranate
19.66329768,106.0380805,5,37,pomegranate
22.43377991,112.459697,5,37,pomegranate
22.92052307,110.2437841,5,37,pomegranate
22.91843172,106.2817706,5,37,pomegranate
24.88244467,107.1951707,5,37,pomegranate
23.40981539,105.2240743,5,37,pomegranate
21.20725375,107.5660804,5,37,pomegranate
18.20230419,109.6623974,5,37,pomegranate
22.34375696,103.3183074,5,37,pomegranate
24.32770134,110.4606459,5,37,pomegranate
19.75088482,102.5538035,5,37,pomegranate
19.86173586,111.0217929,5,37,pomegranate
18.07132963,106.3602023,5,37,pomegranate
23.89162561,104.617522,5,37,pomegranate
23.98598756,104.991282,5,37,pomegranate
20.93892916,103.0295938,5,37,pomegranate
20.82210727,109.4429934,5,37,pomegranate
20.86474944,106.8685636,5,37,pomegranate
24.45840036,111.3779693,5,37,pomegranate
24.51147697,105.6209954,5,37,pomegranate
24.56811204,110.9633894,5,37,pomegranate
24.63228709,110.6956184,5,37,pomegranate
20.07386547,103.7084055,5,37,pomegranate
21.80523051,102.6488846,5,37,pomegranate
22.8122645,110.4432293,5,37,pomegranate
22.73031253,104.6843243,5,37,pomegranate
23.2801227,111.1382096,5,37,pomegranate
19.30106297,105.4766591,5,37,pomegranate
19.0087067,108.6793978,5,37,pomegranate
24.35193812,105.529185,5,37,pomegranate
24.72235539,112.1926517,5,37,pomegranate
21.92513945,111.7162016,5,37,pomegranate
24.83954414,107.6435771,5,37,pomegranate
18.09691127,104.88189,5,37,pomegranate
20.24104904,109.2537734,5,37,pomegranate
23.22594,105.6917856,5,37,pomegranate
23.50128217,106.61905,5,37,pomegranate
19.44623085,106.1606833,5,37,pomegranate
20.51343484,110.5764023,5,37,pomegranate
18.90223032,107.6103211,5,37,pomegranate
18.90592319,112.4750941,5,37,pomegranate
22.63045168,109.0357597,5,37,pomegranate
19.38603815,109.9130984,5,37,pomegranate
24.38318965,103.6012114,5,37,pomegranate
23.77989026,106.977723,5,37,pomegranate
22.59890174,110.0932899,5,37,pomegranate
24.37766782,106.128338,5,37,pomegranate
20.89273273,104.4407083,5,37,pomegranate
18.09903225,107.0050976,5,37,pomegranate
20.00218987,112.337046,5,37,pomegranate
19.85139326,102.8186358,5,37,pomegranate
21.25433607,106.2784673,5,37,pomegranate
23.65374106,109.8076178,5,37,pomegranate
23.88404783,108.3121789,5,37,pomegranate
29.36792366,92.82840911,20,35,banana
27.33368994,101.0494791,20,35,banana
27.40053601,104.9378,20,35,banana
29.3159075,90.10978128,20,35,banana
26.05433004,113.2297373,20,35,banana
25.86632408,114.5357503,20,35,banana
27.00932084,97.32531705,20,35,banana
29.55054817,99.34482238,20,35,banana
26.28845991,113.8729798,20,35,banana
29.16226551,100.0075679,20,35,banana
28.65003945,98.75084366,20,35,banana
29.07311132,100.1692639,20,35,banana
28.08166093,118.2761894,20,35,banana
27.1994597,99.72430835,20,35,banana
28.05484146,108.3957179,20,35,banana
25.14748006,98.66679427,20,35,banana
25.94019018,119.84797,20,35,banana
27.66752761,108.66464,20,35,banana
25.56703012,102.7867717,20,35,banana
28.6956201,116.1616839,20,35,banana
26.33544853,118.6858263,20,35,banana
25.93730186,98.21747528,20,35,banana
25.13686519,91.46442491,20,35,banana
27.50527651,105.0776992,20,35,banana
26.21009246,112.0700033,20,35,banana
29.10403455,92.07835761,20,35,banana
29.2440638,90.66727868,20,35,banana
25.56202173,93.10247183,20,35,banana
26.3985515,98.16752001,20,35,banana
28.09577643,109.5408614,20,35,banana
27.84767901,117.2878912,20,35,banana
27.39341554,94.31102057,20,35,banana
25.14517635,119.218154,20,35,banana
28.65456263,102.4633775,20,35,banana
29.16093424,109.575944,20,35,banana
27.57278064,91.34276507,20,35,banana
25.40909896,112.9794804,20,35,banana
25.99069521,112.0777152,20,35,banana
26.29039046,118.6730366,20,35,banana
29.14827211,117.536781,20,35,banana
26.59743595,107.3944717,20,35,banana
25.36059237,116.5531455,20,35,banana
29.12036889,112.3982055,20,35,banana
27.53911354,110.3262123,20,35,banana
29.66727337,110.2511102,20,35,banana
25.05802193,110.4408803,20,35,banana
25.86824781,116.3019555,20,35,banana
25.85036988,119.0856171,20,35,banana
26.51682337,108.8547508,20,35,banana
28.66725136,118.2583441,20,35,banana
28.14938935,91.40508414,20,35,banana
26.42313317,95.12322062,20,35,banana
26.59386409,109.9825551,20,35,banana
27.71822477,102.2099836,20,35,banana
28.98333432,109.022564,20,35,banana
29.42017919,117.229079,20,35,banana
27.39872329,112.1355384,20,35,banana
26.4020227,111.0162259,20,35,banana
27.81251452,99.20961514,20,35,banana
25.19640218,115.8586081,20,35,banana
28.31193338,119.695765,20,35,banana
25.90113128,110.10323,20,35,banana
27.48612983,109.2768851,20,35,banana
29.38254012,109.2486647,20,35,banana
29.22118628,108.8616474,20,35,banana
27.09062164,110.1331182,20,35,banana
26.12643374,104.4812858,20,35,banana
29.01207743,90.43495443,20,35,banana
27.96799119,119.4765557,20,35,banana
28.0764455,118.9923573,20,35,banana
25.16278237,90.94554618,20,35,banana
25.78749808,114.2005455,20,35,banana
25.34119774,91.06493353,20,35,banana
29.44795403,96.45042585,20,35,banana
26.47522633,113.1161095,20,35,banana
27.39489579,92.78133617,20,35,banana
25.08347445,94.32961456,20,35,banana
26.6719835,91.73358569,20,35,banana
25.44926208,100.6619171,20,35,banana
28.22776705,98.00403016,20,35,banana
28.1279509,103.5045395,20,35,banana
28.9470467,95.83016448,20,35,banana
27.96236771,97.55986676,20,35,banana
28.00316034,94.68180316,20,35,banana
29.1400919,90.45142867,20,35,banana
27.9122104,90.24211529,20,35,banana
25.43480512,96.47800391,20,35,banana
28.55980972,111.0843029,20,35,banana
26.59580783,100.5123341,20,35,banana
27.19711623,99.46950465,20,35,banana
25.29391516,105.4220251,20,35,banana
29.90888522,91.99964712,20,35,banana
27.94972463,109.0921631,20,35,banana
25.01018457,108.3690513,20,35,banana
29.21144871,108.5501443,20,35,banana
27.35911627,90.81250457,20,35,banana
28.0106804,103.7040783,20,35,banana
28.67208915,94.37987496,20,35,banana
27.34585147,92.15524332,20,35,banana
29.50704598,98.12565829,20,35,banana
29.73770045,90.09586854,27,36,mango
33.55695561,98.67527561,27,36,mango
27.00315545,95.85118326,27,36,mango
33.56150184,95.70525913,27,36,mango
35.89855625,92.19721736,27,36,mango
34.17719782,98.00687989,27,36,mango
30.01592643,97.72843182,27,36,mango
31.74592134,93.75441586,27,36,mango
35.99009679,95.3713484,27,36,mango
31.86641378,98.46768642,27,36,mango
27.75518664,94.11213345,27,36,mango
34.72413192,97.31258083,27,36,mango
27.53907547,99.35408185,27,36,mango
27.69637763,89.85646496,27,36,mango
27.25373364,91.87312479,27,36,mango
30.33723921,94.42850522,27,36,mango
31.85744939,91.55845821,27,36,mango
35.39986338,97.41054011,27,36,mango
29.80747243,95.74606104,27,36,mango
34.16438906,98.33351125,27,36,mango
28.93270187,99.9834242,27,36,mango
27.98392787,99.61465679,27,36,mango
31.20478173,94.62954663,27,36,mango
32.13409675,98.63333684,27,36,mango
28.91862016,97.01331604,27,36,mango
31.09779147,90.28624348,27,36,mango
34.73823882,90.65022183,27,36,mango
29.98080499,91.82271568,27,36,mango
33.80398664,90.82549241,27,36,mango
30.07202564,92.09609766,27,36,mango
27.92063282,100.2585673,27,36,mango
31.40948821,92.99739415,27,36,mango
35.7877738,100.2160615,27,36,mango
33.36140093,98.81596545,27,36,mango
35.96054636,98.00644238,27,36,mango
28.33333307,91.67241761,27,36,mango
32.27652024,95.99487068,27,36,mango
31.99490489,97.38741498,27,36,mango
27.58258929,95.8445641,27,36,mango
29.38471637,100.8124659,27,36,mango
32.38697531,90.21633216,27,36,mango
30.91471455,90.14047759,27,36,mango
35.37775595,97.41586402,27,36,mango
32.32362177,93.36718816,27,36,mango
28.22373428,97.76832322,27,36,mango
27.27433181,95.257992,27,36,mango
27.10710832,92.37238878,27,36,mango
34.89226666,91.63074547,27,36,mango
33.7462686,92.26439205,27,36,mango
27.3511056,96.27792547,27,36,mango
32.89300162,94.49161372,27,36,mango
35.38598705,90.29643888,27,36,mango
27.5529736,90.40332704,27,36,mango
32.82141065,90.89173106,27,36,mango
30.17294105,95.23444287,27,36,mango
29.26382931,100.7586226,27,36,mango
32.06097197,96.59816497,27,36,mango
28.69818144,99.642454,27,36,mango
29.14305008,97.55155537,27,36,mango
28.3471611,90.40260445,27,36,mango
27.67256197,92.84991507,27,36,mango
28.1218093,93.30247448,27,36,mango
30.79375683,92.21318555,27,36,mango
28.89409382,94.76322976,27,36,mango
33.33024826,98.28583013,27,36,mango
27.78912455,91.01152997,27,36,mango
31.65333432,91.09745581,27,36,mango
29.75150773,91.405983,27,36,mango
31.32995611,89.78216168,27,36,mango
35.63627319,97.51952041,27,36,mango
31.66524687,89.98024312,27,36,mango
32.26935342,95.94035356,27,36,mango
27.81005614,95.89898581,27,36,mango
34.58561471,100.3060719,27,36,mango
31.27180992,89.74409017,27,36,mango
33.93679864,97.4611918,27,36,mango
31.09154239,91.46664318,27,36,mango
31.89356292,89.59371481,27,36,mango
32.45465292,95.04871605,27,36,mango
35.47478322,97.79072474,27,36,mango
27.32961444,93.53197359,27,36,mango
30.90225239,91.77522598,27,36,mango
29.09382275,96.23520043,27,36,mango
30.02086169,96.63721027,27,36,mango
34.13072188,96.38808001,27,36,mango
33.44619894,98.05089394,27,36,mango
35.3915464,91.22881052,27,36,mango
31.53356352,98.57025046,27,36,mango
30.7645515,90.38503469,27,36,mango
30.01821337,96.08745082,27,36,mango
31.32863689,94.67344737,27,36,mango
33.88004781,89.29147581,27,36,mango
28.07802689,97.45373619,27,36,mango
35.53845018,91.54560427,27,36,mango
28.70595247,95.8946444,27,36,mango
31.48451729,93.17221967,27,36,mango
27.69819273,100.7720705,27,36,mango
30.41235793,93.92375879,27,36,mango
32.17752026,91.88766069,27,36,mango
32.6112614,91.10190759,27,36,mango
29.99677232,67.12534492,9,16,grapes
30.7280404,68.38135469,9,16,grapes
32.44577836,68.73932528,9,16,grapes
37.46566825,66.83872293,9,16,grapes
22.03296178,65.34440794,9,16,grapes
39.64851881,70.39906054,9,16,grapes
16.77557314,66.76285469,9,16,grapes
12.14190714,69.63122027,9,16,grapes
12.7567962,66.77844567,9,16,grapes
39.04071989,73.88467027,9,16,grapes
39.70772192,74.91506217,9,16,grapes
9.467960445,66.02765219,9,16,grapes
29.58748357,68.06417307,9,16,grapes
17.82803682,65.84748763,9,16,grapes
8.825674745,67.235765,9,16,grapes
27.83487131,73.02882766,9,16,grapes
11.02105378,68.23963161,9,16,grapes
17.5862944,71.4065452,9,16,grapes
19.89363946,69.66256816,9,16,grapes
29.93707596,65.52279323,9,16,grapes
36.73126647,72.24230804,9,16,grapes
20.42094753,66.93065667,9,16,grapes
25.51939719,69.17281221,9,16,grapes
30.50734778,70.08200379,9,16,grapes
18.4269936,69.75734306,9,16,grapes
12.087022,68.66813363,9,16,grapes
23.60115364,73.23901752,9,16,grapes
12.80000387,67.10439401,9,16,grapes
38.06099482,65.70148216,9,16,grapes
39.06555518,69.30772897,9,16,grapes
33.78372897,74.53557341,9,16,grapes
16.76201707,73.28712806,9,16,grapes
35.89307536,66.53946559,9,16,grapes
21.01245395,66.38448261,9,16,grapes
10.89875873,68.69420397,9,16,grapes
16.36251869,71.55665483,9,16,grapes
20.28370163,71.06611222,9,16,grapes
25.11108456,73.01026829,9,16,grapes
33.4641162,67.92204319,9,16,grapes
11.7976469,65.06962486,9,16,grapes
11.36300891,71.18289431,9,16,grapes
25.23542319,67.03840888,9,16,grapes
15.99050693,74.40198861,9,16,grapes
22.4359017,65.3973168,9,16,grapes
34.76086052,65.70430027,9,16,grapes
31.11047251,71.43001582,9,16,grapes
28.57828803,73.34232097,9,16,grapes
41.18664903,68.68895899,9,16,grapes
27.02766138,70.95666003,9,16,grapes
21.19339319,74.62834921,9,16,grapes
10.38004759,67.3917379,9,16,grapes
31.3115978,65.01095312,9,16,grapes
20.46657776,71.29813872,9,16,grapes
29.36947679,66.13442813,9,16,grapes
10.72302459,65.2982112,9,16,grapes
14.97846952,71.63437433,9,16,grapes
15.3246651,71.60102999,9,16,grapes
18.73932187,73.55807954,9,16,grapes
19.3642553,67.15094741,9,16,grapes
41.20733624,65.90227462,9,16,grapes
33.34214482,70.68098614,9,16,grapes
23.81995682,67.2739864,9,16,grapes
40.66012294,74.03030056,9,16,grapes
11.82768186,74.10225057,9,16,grapes
13.28504331,65.80006004,9,16,grapes
35.83089092,73.67984885,9,16,grapes
26.18159716,66.05911698,9,16,grapes
24.57558351,69.706113,9,16,grapes
29.67229086,66.48490371,9,16,grapes
39.37102553,74.08101744,9,16,grapes
17.66558428,69.8671263,9,16,grapes
24.06679352,69.81855775,9,16,grapes
15.31413469,74.82144653,9,16,grapes
21.77466746,69.39630398,9,16,grapes
26.91624843,69.30927185,9,16,grapes
41.65602996,74.19664838,9,16,grapes
17.98667801,72.37127689,9,16,grapes
29.12033769,68.8503047,9,16,grapes
34.38922481,71.03001556,9,16,grapes
41.36106301,69.92107482,9,16,grapes
35.12158265,69.71518491,9,16,grapes
19.6491772,73.69529586,9,16,grapes
16.27852801,66.57462809,9,16,grapes
21.11903604,69.27779761,9,16,grapes
19.2077707,66.83113717,9,16,grapes
25.96308415,70.31782647,9,16,grapes
25.67385024,74.10919422,9,16,grapes
41.94865736,73.06862952,9,16,grapes
11.18994268,66.34234944,9,16,grapes
17.5438296,73.77063744,9,16,grapes
13.05809741,70.75633584,9,16,grapes
9.724457611,74.46411148,9,16,grapes
27.92004934,69.92092839,9,16,grapes
9.535585543,69.44115171,9,16,grapes
13.42988625,71.40043037,9,16,grapes
9.851242629,68.42802444,9,16,grapes
24.97256132,66.70016285,9,16,grapes
27.23708304,70.42508897,9,16,grapes
18.70679077,66.5964488,9,16,grapes
9.949929082,66.00817551,9,16,grapes
26.47330219,53.65742581,18,35,watermelon
25.18780042,46.87420883,18,35,watermelon
25.29954705,57.04147057,18,35,watermelon
24.74631269,57.95826144,18,35,watermelon
26.58740671,41.87540028,18,35,watermelon
24.53442564,49.11618732,18,35,watermelon
26.0713757,57.79652846,18,35,watermelon
25.96534238,59.46338556,18,35,watermelon
26.22338015,54.60159289,18,35,watermelon
24.41311871,44.07843475,18,35,watermelon
26.49195283,57.72799157,18,35,watermelon
24.04355803,53.78929956,18,35,watermelon
25.5421695,57.57343233,18,35,watermelon
26.74550678,40.794305,18,35,watermelon
25.7131428,43.08961827,18,35,watermelon
25.76484262,44.22066914,18,35,watermelon
26.79489868,57.74091817,18,35,watermelon
24.9004602,57.44942094,18,35,watermelon
26.80750629,58.79889057,18,35,watermelon
25.11189154,44.20656987,18,35,watermelon
26.2148837,59.65590798,18,35,watermelon
24.9103226,49.48575692,18,35,watermelon
25.79448878,56.45229202,18,35,watermelon
25.26931156,40.12650421,18,35,watermelon
25.76402693,46.05122728,18,35,watermelon
25.85483596,46.85176955,18,35,watermelon
24.33528185,48.32113628,18,35,watermelon
25.37601283,57.23028471,18,35,watermelon
24.86094646,55.29563514,18,35,watermelon
24.71885473,48.45978627,18,35,watermelon
24.21495706,48.01138482,18,35,watermelon
25.81692236,54.82963379,18,35,watermelon
24.47018505,57.26773002,18,35,watermelon
24.13078816,51.19470197,18,35,watermelon
26.1793464,49.43050977,18,35,watermelon
26.17668721,53.33484977,18,35,watermelon
26.03867719,44.3993381,18,35,watermelon
26.53259325,54.30660782,18,35,watermelon
26.81938687,46.06193778,18,35,watermelon
25.50405534,48.47833278,18,35,watermelon
26.20234499,56.47941847,18,35,watermelon
25.13735887,43.52897517,18,35,watermelon
25.92030221,42.10681516,18,35,watermelon
26.6634609,57.40847165,18,35,watermelon
24.06731461,51.75212401,18,35,watermelon
24.6774157,57.05709413,18,35,watermelon
26.11440416,58.48160844,18,35,watermelon
26.81530456,55.74073582,18,35,watermelon
25.15623099,55.49541453,18,35,watermelon
25.2801372,49.29456609,18,35,watermelon
26.22005978,49.08553937,18,35,watermelon
24.92093261,50.55710813,18,35,watermelon
26.21667586,54.65423596,18,35,watermelon
26.81383586,51.70497792,18,35,watermelon
24.31334971,48.11248366,18,35,watermelon
24.29105004,51.26046418,18,35,watermelon
24.42998931,48.58241822,18,35,watermelon
25.66576039,54.22722466,18,35,watermelon
25.07803672,56.39962921,18,35,watermelon
24.88910524,51.70699144,18,35,watermelon
25.42900869,56.34144589,18,35,watermelon
24.37118217,44.63907691,18,35,watermelon
26.4930645,46.06382209,18,35,watermelon
25.83202912,45.24690619,18,35,watermelon
24.41592661,40.32161859,18,35,watermelon
24.37190239,44.20899581,18,35,watermelon
24.24782473,54.7657624,18,35,watermelon
24.64458469,48.31219031,18,35,watermelon
24.89681131,53.14626213,18,35,watermelon
25.41864024,49.52320689,18,35,watermelon
26.26028739,58.97878791,18,35,watermelon
24.90123934,46.59207341,18,35,watermelon
24.84740848,59.67927244,18,35,watermelon
26.98212846,42.91292205,18,35,watermelon
26.90435747,59.75980023,18,35,watermelon
25.86475496,41.16554802,18,35,watermelon
26.70607759,51.51033554,18,35,watermelon
26.44019475,47.81847573,18,35,watermelon
26.283443,50.78669728,18,35,watermelon
26.84366082,40.228644,18,35,watermelon
26.03967219,43.87712348,18,35,watermelon
24.92994759,48.75859458,18,35,watermelon
25.50736962,44.2068997,18,35,watermelon
25.4438391,57.51549686,18,35,watermelon
26.12588914,40.71210074,18,35,watermelon
25.10474753,59.26519444,18,35,watermelon
26.27520631,54.38748495,18,35,watermelon
26.27061608,46.76837499,18,35,watermelon
26.73690828,47.46447019,18,35,watermelon
25.04746944,56.72496677,18,35,watermelon
24.69368934,48.99390828,18,35,watermelon
24.54356968,42.00660251,18,35,watermelon
25.89762315,54.49960057,18,35,watermelon
26.6333118,56.31866159,18,35,watermelon
25.35794749,47.72078245,18,35,watermelon
25.28784623,58.28697664,18,35,watermelon
26.63838589,48.32428609,18,35,watermelon
25.3310446,41.53218699,18,35,watermelon
26.89750174,43.97193745,18,35,watermelon
26.98603693,58.54876687,18,35,watermelon
27.57826922,28.08253201,27,30,muskmelon
27.82054812,26.32405487,27,30,muskmelon
29.09910406,22.52497327,27,30,muskmelon
28.04943594,20.76223014,27,30,muskmelon
29.91690582,28.16057247,27,30,muskmelon
29.86895762,26.26243014,27,30,muskmelon
29.17220859,21.30290472,27,30,muskmelon
29.24908541,25.93496537,27,30,muskmelon
27.76317235,25.21609113,27,30,muskmelon
28.82629037,26.23838511,27,30,muskmelon
28.52379742,29.86681385,27,30,muskmelon
29.06785065,29.1194739,27,30,muskmelon
29.08417927,25.33014238,27,30,muskmelon
28.47090661,21.08484101,27,30,muskmelon
28.27973674,21.58992507,27,30,muskmelon
28.47212559,20.88620369,27,30,muskmelon
29.68846716,26.83924845,27,30,muskmelon
27.02415146,21.26034986,27,30,muskmelon
29.09588297,26.70581328,27,30,muskmelon
29.69238699,29.1102594,27,30,muskmelon
28.20619412,28.78654515,27,30,muskmelon
29.05248036,23.66620626,27,30,muskmelon
29.57240298,27.56918621,27,30,muskmelon
29.10968327,27.95602304,27,30,muskmelon
28.20480805,20.36001144,27,30,muskmelon
29.11858526,24.52020164,27,30,muskmelon
29.62800691,23.69586761,27,30,muskmelon
29.81196601,22.68766503,27,30,muskmelon
27.72338349,22.81863447,27,30,muskmelon
29.26092798,28.70627683,27,30,muskmelon
29.72791119,26.52364146,27,30,muskmelon
28.91105641,23.44398467,27,30,muskmelon
28.96361426,23.56130173,27,30,muskmelon
28.59052369,29.44008034,27,30,muskmelon
27.33897716,28.69113835,27,30,muskmelon
29.90415889,25.37828397,27,30,muskmelon
27.42711692,21.7508774,27,30,muskmelon
29.55657523,28.36535596,27,30,muskmelon
29.84070774,23.28207838,27,30,muskmelon
28.53545677,25.1290048,27,30,muskmelon
27.11535046,26.51924782,27,30,muskmelon
27.84492803,26.47844429,27,30,muskmelon
29.03157242,24.93861254,27,30,muskmelon
27.82424457,21.19014526,27,30,muskmelon
27.72653142,20.21126747,27,30,muskmelon
28.69708334,22.21807088,27,30,muskmelon
29.73019662,20.49035619,27,30,muskmelon
29.54097171,21.9653077,27,30,muskmelon
28.80311922,25.16359891,27,30,muskmelon
27.29035669,23.49535234,27,30,muskmelon
27.46583649,27.27899847,27,30,muskmelon
29.49401389,26.30820876,27,30,muskmelon
27.79161808,26.85422624,27,30,muskmelon
29.12533739,21.90440445,27,30,muskmelon
27.93114233,20.66127836,27,30,muskmelon
29.45771748,20.76212031,27,30,muskmelon
27.96872279,28.94766949,27,30,muskmelon
29.48882958,26.01909355,27,30,muskmelon
29.47156259,28.75226067,27,30,muskmelon
27.0767265,24.4514648,27,30,muskmelon
27.30008597,25.09484511,27,30,muskmelon
29.82729394,22.84203589,27,30,muskmelon
29.93061247,24.34814338,27,30,muskmelon
29.94349168,20.39020503,27,30,muskmelon
28.03306461,21.17924769,27,30,muskmelon
29.8843055,21.0000988,27,30,muskmelon
27.7058373,22.06207161,27,30,muskmelon
29.78714005,27.8659442,27,30,muskmelon
28.57819995,27.5987178,27,30,muskmelon
29.48069921,26.0365768,27,30,muskmelon
27.51492243,21.01796432,27,30,muskmelon
28.05457761,21.84869328,27,30,muskmelon
29.03167341,24.15591199,27,30,muskmelon
28.5854649,26.88372572,27,30,muskmelon
27.08808014,25.32159689,27,30,muskmelon
27.99611732,21.61893763,27,30,muskmelon
27.87317436,24.05207925,27,30,muskmelon
28.96586565,22.25838137,27,30,muskmelon
28.87726019,24.44267592,27,30,muskmelon
29.17052093,22.06994464,27,30,muskmelon
29.34033587,21.44532907,27,30,muskmelon
29.07265321,28.83568362,27,30,muskmelon
28.68275966,29.11187663,27,30,muskmelon
28.92705913,23.20076686,27,30,muskmelon
27.99901833,23.28618248,27,30,muskmelon
27.59350075,24.84266123,27,30,muskmelon
29.87331077,24.69720481,27,30,muskmelon
28.55852465,27.26588346,27,30,muskmelon
29.19378695,26.48240255,27,30,muskmelon
27.98780984,27.14509034,27,30,muskmelon
28.05380704,20.76582087,27,30,muskmelon
27.3506296,27.21244021,27,30,muskmelon
29.34081108,28.22908103,27,30,muskmelon
28.61475136,28.98574189,27,30,muskmelon
27.04863538,25.08146686,27,30,muskmelon
29.5275305,21.13545688,27,30,muskmelon
28.50416396,24.20007242,27,30,muskmelon
28.89578588,23.0362503,27,30,muskmelon
27.04927452,23.65747461,27,30,muskmelon
28.96017885,24.7458198,27,30,muskmelon
22.75088787,110.4317855,21,24,apple
23.8494014,114.0512495,21,24,apple
22.60800988,116.0396587,21,24,apple
21.18667419,122.233323,21,24,apple
23.41044706,116.0777931,21,24,apple
22.86006627,117.7296726,21,24,apple
22.48403042,105.5473627,21,24,apple
22.02775403,121.1349176,21,24,apple
21.91191314,117.0761277,21,24,apple
23.71059131,112.6676589,21,24,apple
21.37784654,106.1417017,21,24,apple
22.84852833,123.5977843,21,24,apple
23.1094265,108.183792,21,24,apple
23.25230817,105.3558408,21,24,apple
23.67287749,104.2298028,21,24,apple
23.76881552,102.2648546,21,24,apple
23.34386401,104.4267991,21,24,apple
22.63946441,108.3405879,21,24,apple
22.45696744,114.8407725,21,24,apple
22.96388477,104.6472986,21,24,apple
21.07273439,107.8737015,21,24,apple
22.44075021,121.4977331,21,24,apple
22.71271308,109.8852597,21,24,apple
21.70416965,115.1781396,21,24,apple
22.43324518,119.1025189,21,24,apple
21.25941052,109.0658471,21,24,apple
22.9215706,105.6941544,21,24,apple
22.81212536,107.855225,21,24,apple
21.12152071,102.8017203,21,24,apple
21.11478672,104.5086618,21,24,apple
23.59997268,107.1728191,21,24,apple
23.12652652,108.6211833,21,24,apple
22.98458907,122.1952483,21,24,apple
22.12659387,104.5412275,21,24,apple
22.53779727,101.8474768,21,24,apple
22.49095104,124.3915101,21,24,apple
22.35548159,116.7366261,21,24,apple
22.20700989,120.1593771,21,24,apple
22.44516988,107.1843273,21,24,apple
22.76643029,120.4359949,21,24,apple
22.19109412,112.3126628,21,24,apple
23.6119202,123.5900822,21,24,apple
23.86087054,105.0241329,21,24,apple
21.42177231,102.8045658,21,24,apple
22.36629253,124.9831618,21,24,apple
23.99686172,117.6102915,21,24,apple
21.80129837,120.0586671,21,24,apple
23.80436344,100.6192543,21,24,apple
23.71475278,121.8961665,21,24,apple
23.34467359,112.8954016,21,24,apple
22.31253665,113.0688155,21,24,apple
23.50201428,107.9868949,21,24,apple
23.46260321,111.7763395,21,24,apple
23.06204373,114.7399101,21,24,apple
22.47420512,124.2179699,21,24,apple
22.69780133,105.0508234,21,24,apple
23.66682067,105.4004751,21,24,apple
22.50050273,100.9343903,21,24,apple
23.83053666,109.5966791,21,24,apple
23.64142354,116.6912176,21,24,apple
21.41363812,118.3979065,21,24,apple
22.85267372,117.5314026,21,24,apple
22.98208095,109.5852253,21,24,apple
21.19909519,103.6838922,21,24,apple
23.87192332,103.0548094,21,24,apple
21.0365275,114.7412734,21,24,apple
22.61711614,116.9256766,21,24,apple
21.45278675,116.7036582,21,24,apple
22.81227579,109.3383552,21,24,apple
21.98141856,115.4789148,21,24,apple
22.52709326,115.3830068,21,24,apple
22.35628673,107.7697413,21,24,apple
21.19852186,105.8554351,21,24,apple
23.8812458,104.9116663,21,24,apple
22.78234161,122.1449949,21,24,apple
22.19055385,121.6622761,21,24,apple
22.91430043,118.6044645,21,24,apple
23.08950736,108.2166601,21,24,apple
21.72484506,121.6961761,21,24,apple
22.44307715,102.5565807,21,24,apple
21.1316077,122.5391946,21,24,apple
22.71750705,107.0289866,21,24,apple
23.75033085,117.6602827,21,24,apple
23.76121837,100.825956,21,24,apple
22.13450646,112.9203223,21,24,apple
21.17089176,123.6495149,21,24,apple
22.36238282,118.6832725,21,24,apple
22.77856513,113.7759219,21,24,apple
21.22503442,113.9760462,21,24,apple
23.15791104,110.712841,21,24,apple
22.42776057,102.7230739,21,24,apple
23.64082979,116.7431319,21,24,apple
22.29423493,122.7418744,21,24,apple
23.35225078,113.0381382,21,24,apple
22.03911546,110.9804014,21,24,apple
23.80593812,119.6335548,21,24,apple
22.31944084,100.1173443,21,24,apple
22.14464104,120.6310784,21,24,apple
23.65167552,115.3611268,21,24,apple
22.16939473,124.4683112,21,24,apple
15.78144173,119.035002,12,38,orange
26.03097313,101.2847738,12,38,orange
13.36050601,111.2266885,12,38,orange
18.87957654,114.6659511,12,38,orange
29.47741671,111.1727497,12,38,orange
28.06903173,114.1339416,12,38,orange
25.66901098,112.5424199,12,38,orange
29.77149434,114.4161786,12,38,orange
30.55472573,106.0711985,12,38,orange
23.96147583,102.6958703,12,38,orange
23.98289638,118.4901697,12,38,orange
25.26052689,117.3695296,12,38,orange
31.08368929,109.6894658,12,38,orange
14.78003032,100.1961762,12,38,orange
26.56608303,116.3796525,12,38,orange
24.85903405,111.7803734,12,38,orange
34.51465139,103.5684926,12,38,orange
24.12188673,102.835632,12,38,orange
23.85340379,103.923226,12,38,orange
24.60297538,111.2948115,12,38,orange
15.63211033,101.4705704,12,38,orange
19.33516809,116.450422,12,38,orange
28.2620488,105.2132259,12,38,orange
22.67594476,110.3332655,12,38,orange
21.03200078,110.6823944,12,38,orange
33.23453301,115.7659902,12,38,orange
22.30318989,117.3688104,12,38,orange
11.50322938,115.5683776,12,38,orange
14.34320488,110.2223123,12,38,orange
33.1056981,119.1709113,12,38,orange
30.49183837,113.3302105,12,38,orange
30.25578031,116.7173125,12,38,orange
12.22816189,108.4161706,12,38,orange
10.01081312,119.3941064,12,38,orange
22.79196751,116.5084074,12,38,orange
20.18432263,116.8130969,12,38,orange
30.72119881,106.8118019,12,38,orange
24.35590861,119.6946577,12,38,orange
21.21306973,112.9834361,12,38,orange
10.78689755,117.5293447,12,38,orange
11.89925671,103.5771468,12,38,orange
22.56664172,109.8585753,12,38,orange
18.86883219,119.3936976,12,38,orange
17.34083741,112.7194284,12,38,orange
34.90665289,102.1906333,12,38,orange
24.53610067,115.9787989,12,38,orange
13.8377282,107.9873218,12,38,orange
22.3551049,101.5164589,12,38,orange
34.74004942,100.1967854,12,38,orange
11.54785707,108.8289171,12,38,orange
23.13338811,104.4224145,12,38,orange
29.98364695,115.3560318,12,38,orange
20.87947369,102.4550786,12,38,orange
17.24944623,112.5090516,12,38,orange
15.83388699,109.7571416,12,38,orange
23.01014302,112.6738296,12,38,orange
16.39624284,102.944161,12,38,orange
24.45132792,109.4711098,12,38,orange
31.87859192,105.3437825,12,38,orange
31.34920143,109.1549823,12,38,orange
18.05142392,111.7793889,12,38,orange
30.84835031,107.4142681,12,38,orange
22.45616931,118.0069295,12,38,orange
13.70319166,106.2944879,12,38,orange
20.48954522,111.8391951,12,38,orange
13.20844373,106.2696156,12,38,orange
32.31944397,117.6236473,12,38,orange
20.68185224,109.7513927,12,38,orange
31.52675982,113.1169398,12,38,orange
25.35467646,116.7555937,12,38,orange
17.66545409,110.6857506,12,38,orange
12.59093977,119.3916718,12,38,orange
11.86631922,106.060149,12,38,orange
11.03367937,112.7715925,12,38,orange
25.2990432,117.9733424,12,38,orange
32.23797837,104.7052254,12,38,orange
17.68408797,108.0638166,12,38,orange
10.2708877,106.6955204,12,38,orange
17.22034507,108.0054343,12,38,orange
19.667056,100.1737964,12,38,orange
10.35609594,101.1456947,12,38,orange
27.255435,101.139435,12,38,orange
34.5917846,115.5650287,12,38,orange
32.39523995,113.25373,12,38,orange
10.16431299,106.362551,12,38,orange
21.49118657,101.4819888,12,38,orange
16.53460397,110.0447896,12,38,orange
31.8520694,109.9455062,12,38,orange
28.04799508,117.1311498,12,38,orange
31.75048899,115.1989301,12,38,orange
29.07412717,100.7896871,12,38,orange
19.14381903,108.0230792,12,38,orange
16.14820285,107.4287664,12,38,orange
34.05296914,116.8020848,12,38,orange
34.51423957,118.3271968,12,38,orange
32.71748548,113.328978,12,38,orange
25.16296632,114.3117197,12,38,orange
27.68167318,113.9995146,12,38,orange
21.35093384,107.0862095,12,38,orange
11.69894639,103.2005992,12,38,orange
35.21462816,243.0745066,21,32,papaya
42.39413392,88.46607497,21,32,papaya
38.4191628,119.2653877,21,32,papaya
35.33294932,235.6133585,21,32,papaya
42.92325255,196.2408242,21,32,papaya
33.83508569,203.4044028,21,32,papaya
33.20258348,197.5282582,21,32,papaya
23.48546973,191.7760562,21,32,papaya
29.33710543,202.0572747,21,32,papaya
40.21199348,186.6762324,21,32,papaya
42.13473976,197.402901,21,32,papaya
32.86316618,47.271547,21,32,papaya
29.80744318,232.7046126,21,32,papaya
31.56213762,63.62250788,21,32,papaya
36.32268069,141.1736926,21,32,papaya
37.13165026,172.4788062,21,32,papaya
38.4418717,77.71566883,21,32,papaya
32.66160599,78.85085502,21,32,papaya
27.92765919,149.9107557,21,32,papaya
39.01793345,105.8841531,21,32,papaya
32.51247398,51.07048113,21,32,papaya
38.72382798,62.62377075,21,32,papaya
43.30204933,110.562229,21,32,papaya
27.58548913,238.5008779,21,32,papaya
40.78881819,132.7923586,21,32,papaya
23.19451074,206.3999208,21,32,papaya
32.68067385,248.8592986,21,32,papaya
34.28879307,127.2509777,21,32,papaya
39.30050027,120.9512466,21,32,papaya
39.73149053,122.7628653,21,32,papaya
39.23342464,64.4478499,21,32,papaya
27.34734861,40.35153141,21,32,papaya
40.76998685,209.8678411,21,32,papaya
26.26559543,59.49373381,21,32,papaya
28.12971499,117.8201907,21,32,papaya
34.2804607,98.54047745,21,32,papaya
33.7960155,182.026807,21,32,papaya
31.53243779,207.0735119,21,32,papaya
42.30495821,74.876786,21,32,papaya
24.63676897,218.2299187,21,32,papaya
28.28222883,179.2720807,21,32,papaya
24.48620746,183.49095,21,32,papaya
42.84609252,78.8099639,21,32,papaya
43.67549305,103.8235658,21,32,papaya
42.07213781,165.7412972,21,32,papaya
33.46873719,136.8277041,21,32,papaya
31.7018373,48.83810592,21,32,papaya
41.41968393,199.3096432,21,32,papaya
42.54744013,214.4103848,21,32,papaya
28.91842453,63.68794608,21,32,papaya
43.08022702,211.8529059,21,32,papaya
29.20300896,209.4083305,21,32,papaya
41.04224355,181.527598,21,32,papaya
25.62446619,97.26336657,21,32,papaya
35.32876402,163.9069365,21,32,papaya
24.42561272,63.35298768,21,32,papaya
31.18298415,54.01872359,21,32,papaya
31.88342554,79.27201575,21,32,papaya
42.93368602,246.3613268,21,32,papaya
23.11407669,231.5153161,21,32,papaya
24.87212063,135.1694525,21,32,papaya
43.36051537,114.778071,21,32,papaya
26.83054058,144.6656444,21,32,papaya
30.42012134,75.95295,21,32,papaya
28.64555584,115.8163936,21,32,papaya
32.50037548,71.73759526,21,32,papaya
43.03714283,41.5856585,21,32,papaya
30.10773379,75.24521981,21,32,papaya
23.69212243,87.53393983,21,32,papaya
35.67667332,141.3381168,21,32,papaya
27.71948962,82.83061083,21,32,papaya
35.26824831,149.8488208,21,32,papaya
23.16855863,161.6892093,21,32,papaya
33.08706051,88.1300769,21,32,papaya
37.4620912,172.3458448,21,32,papaya
38.73218907,218.142147,21,32,papaya
32.57720726,93.7942847,21,32,papaya
38.38231475,210.2735346,21,32,papaya
42.93605359,234.8466111,21,32,papaya
25.65492304,52.95477913,21,32,papaya
37.58899717,159.6577388,21,32,papaya
29.60718808,62.68710535,21,32,papaya
25.34756111,174.4012337,21,32,papaya
25.9300384,241.8202079,21,32,papaya
32.76795887,240.4795923,21,32,papaya
29.02328049,126.8069869,21,32,papaya
40.00439101,92.11877372,21,32,papaya
33.32315744,234.496633,21,32,papaya
31.22790131,46.44279118,21,32,papaya
26.68386496,62.50689682,21,32,papaya
24.70528368,108.4103158,21,32,papaya
38.2016825,218.0908814,21,32,papaya
36.56769731,104.4218596,21,32,papaya
26.05375792,240.6863901,21,32,papaya
31.29986342,54.77830202,21,32,papaya
40.10207731,149.1199989,21,32,papaya
38.58954491,102.2708231,21,32,papaya
41.31330062,239.7427554,21,32,papaya
37.03551903,188.5181422,21,32,papaya
23.0124018,208.3357976,21,32,papaya
26.7627493,224.5903664,20,32,coconut
25.61294367,224.3206759,20,32,coconut
28.130115,151.0761899,20,32,coconut
25.02887163,179.8248944,20,32,coconut
27.79797651,181.6942283,20,32,coconut
29.25902906,184.7624496,20,32,coconut
27.10134661,150.9502632,20,32,coconut
25.84726298,147.8888994,20,32,coconut
26.58580443,178.8116076,20,32,coconut
28.38503882,189.6711349,20,32,coconut
28.43647052,145.5414413,20,32,coconut
28.27298134,198.8234862,20,32,coconut
27.00648436,144.3331315,20,32,coconut
27.63551259,157.9171537,20,32,coconut
26.29644905,215.9195049,20,32,coconut
27.1326009,204.7206567,20,32,coconut
25.56567803,199.7936345,20,32,coconut
25.94951662,172.0540491,20,32,coconut
28.03380598,218.0055713,20,32,coconut
29.12859129,157.2388553,20,32,coconut
27.0828252,171.7575545,20,32,coconut
28.11321494,172.4813641,20,32,coconut
27.5136304,156.6732553,20,32,coconut
27.63834933,205.5463111,20,32,coconut
29.01256899,150.0500312,20,32,coconut
26.58413917,171.6262299,20,32,coconut
28.28905147,142.9403233,20,32,coconut
28.69164799,178.9635457,20,32,coconut
29.70931288,209.8453993,20,32,coconut
27.14865285,149.2433497,20,32,coconut
29.28725038,132.1491176,20,32,coconut
25.06871967,134.8419069,20,32,coconut
26.92449525,194.9022136,20,32,coconut
28.27804288,171.9457959,20,32,coconut
29.18032562,204.9603677,20,32,coconut
28.3575072,160.7306991,20,32,coconut
29.38072512,218.5241851,20,32,coconut
25.39241091,218.080385,20,32,coconut
26.31270635,208.1181381,20,32,coconut
29.52501367,194.3100272,20,32,coconut
28.83214859,145.4172387,20,32,coconut
28.48444906,160.389421,20,32,coconut
28.74013335,156.7650823,20,32,coconut
25.00872392,165.8092179,20,32,coconut
29.8690834,192.7678575,20,32,coconut
27.54273211,150.2012138,20,32,coconut
26.52166434,144.6261698,20,32,coconut
25.03512351,174.796583,20,32,coconut
29.20394909,211.2506267,20,32,coconut
27.05826457,224.7006953,20,32,coconut
26.18552389,135.4186222,20,32,coconut
27.59376845,162.8432736,20,32,coconut
25.76011662,131.2451414,20,32,coconut
28.87862994,145.0583117,20,32,coconut
26.50908611,199.8778403,20,32,coconut
26.87037587,214.4128874,20,32,coconut
27.57283516,145.9298935,20,32,coconut
28.05912437,171.6516396,20,32,coconut
29.51611558,131.2116167,20,32,coconut
28.96318258,222.803013,20,32,coconut
25.09897688,157.7592626,20,32,coconut
27.1872282,141.3220576,20,32,coconut
29.03065024,205.5720367,20,32,coconut
27.754298,131.0900076,20,32,coconut
27.31155708,201.8258633,20,32,coconut
28.84270971,224.4016682,20,32,coconut
26.61423461,191.006688,20,32,coconut
29.70143197,215.1968037,20,32,coconut
25.54759871,212.867626,20,32,coconut
26.37978453,167.0470997,20,32,coconut
27.45907759,142.1430003,20,32,coconut
27.02269204,147.1682459,20,32,coconut
28.98545306,148.8398374,20,32,coconut
26.1055118,134.1279669,20,32,coconut
25.0707247,192.9036306,20,32,coconut
25.54963273,191.2996157,20,32,coconut
28.56973521,134.8370348,20,32,coconut
26.07010807,143.533473,20,32,coconut
25.51791333,178.7297725,20,32,coconut
25.9490364,144.1571109,20,32,coconut
28.2974764,182.4482352,20,32,coconut
29.56549169,224.8315729,20,32,coconut
29.69952329,148.3003692,20,32,coconut
26.14162144,195.4115025,20,32,coconut
26.00175125,209.540094,20,32,coconut
27.15116142,164.9182225,20,32,coconut
28.97318719,213.9011021,20,32,coconut
26.13958446,131.3387935,20,32,coconut
25.51618488,135.1272491,20,32,coconut
27.55821802,174.6256481,20,32,coconut
27.81132822,154.0621221,20,32,coconut
25.60033702,165.8248732,20,32,coconut
26.91641934,225.6323656,20,32,coconut
29.1797902,188.9252083,20,32,coconut
26.44600063,221.2258168,20,32,coconut
28.43572863,203.9283708,20,32,coconut
28.94099669,191.7723087,20,32,coconut
26.45488737,149.2220255,20,32,coconut
25.79490531,152.4238712,20,32,coconut
26.93141945,166.5712879,20,32,coconut
24.40228894,90.8022356,20,28,cotton
23.09595631,71.29581071,20,28,cotton
23.9656349,90.75616738,20,28,cotton
24.88738107,89.76050416,20,28,cotton
25.36243778,88.43618918,20,28,cotton
24.69457084,78.58494391,20,28,cotton
25.0017188,96.32600992,20,28,cotton
22.45942937,64.23026638,20,28,cotton
23.60564038,72.49800885,20,28,cotton
24.58453146,71.94608134,20,28,cotton
23.0865933,71.84080724,20,28,cotton
23.5000992,79.81328183,20,28,cotton
24.1472953,69.91563467,20,28,cotton
24.69315538,89.799462,20,28,cotton
24.484692,90.94342484,20,28,cotton
24.49112609,64.02949379,20,28,cotton
23.47986888,86.76287924,20,28,cotton
24.18586246,69.08056728,20,28,cotton
25.00755095,86.06411872,20,28,cotton
25.99237426,89.1188212,20,28,cotton
23.66457347,99.36898373,20,28,cotton
25.66891439,78.59595817,20,28,cotton
22.04612876,86.00758678,20,28,cotton
22.4204752,93.46595573,20,28,cotton
25.03149561,95.0191318,20,28,cotton
23.53371386,87.54004943,20,28,cotton
22.77076388,81.49543437,20,28,cotton
25.49848236,67.05961949,20,28,cotton
25.248679,86.55517751,20,28,cotton
22.78249615,64.61444234,20,28,cotton
23.37044424,71.67870701,20,28,cotton
24.86560781,79.56866268,20,28,cotton
24.14386157,80.36146974,20,28,cotton
25.03300222,97.10087029,20,28,cotton
23.65724079,88.54479121,20,28,cotton
25.54359718,88.94245493,20,28,cotton
22.00085141,90.42224164,20,28,cotton
23.64328417,80.96157332,20,28,cotton
23.96436009,84.63148859,20,28,cotton
24.65425757,61.82980133,20,28,cotton
24.3017998,65.0247867,20,28,cotton
24.29144926,90.41694635,20,28,cotton
24.29470232,81.05902285,20,28,cotton
25.72180042,99.93100821,20,28,cotton
24.87663664,91.9223468,20,28,cotton
22.60612115,75.13617229,20,28,cotton
23.86814008,90.4547185,20,28,cotton
23.41022496,78.82199603,20,28,cotton
24.96440768,80.03995829,20,28,cotton
25.16820129,84.62419032,20,28,cotton
22.72767171,77.55176318,20,28,cotton
22.45145981,86.84998693,20,28,cotton
23.04920461,70.65644296,20,28,cotton
25.29250148,62.64174227,20,28,cotton
22.95604064,66.48339303,20,28,cotton
22.80213132,91.6389565,20,28,cotton
23.54234715,84.12536744,20,28,cotton
24.41212325,98.60457373,20,28,cotton
22.94276687,67.08022574,20,28,cotton
25.53676123,95.4262599,20,28,cotton
25.32023717,83.46532547,20,28,cotton
22.426733,65.54475812,20,28,cotton
25.78544484,91.39578861,20,28,cotton
25.68959532,66.19426787,20,28,cotton
22.14593688,60.65381719,20,28,cotton
25.07278712,93.51042684,20,28,cotton
22.21506982,70.40557612,20,28,cotton
23.9643129,76.13090645,20,28,cotton
25.40059227,62.5138867,20,28,cotton
23.7805123,66.26555904,20,28,cotton
24.16402322,61.94626051,20,28,cotton
25.31468463,72.82902109,20,28,cotton
22.60361557,88.57395505,20,28,cotton
22.9535715,99.75336197,20,28,cotton
22.74446976,90.07326633,20,28,cotton
23.80834611,70.97358303,20,28,cotton
25.46228792,76.88582484,20,28,cotton
25.96779712,74.14169043,20,28,cotton
25.5308271,99.39557151,20,28,cotton
24.43847399,60.79645852,20,28,cotton
23.03887865,90.64770699,20,28,cotton
23.51308653,80.11272117,20,28,cotton
22.75805656,97.76600619,20,28,cotton
24.71252544,85.24963302,20,28,cotton
23.45969093,93.50153555,20,28,cotton
25.5503704,78.58488484,20,28,cotton
22.08458267,67.06459777,20,28,cotton
24.68854799,69.31153566,20,28,cotton
25.84997269,77.03421249,20,28,cotton
22.46054478,71.85436078,20,28,cotton
23.65629976,74.8984994,20,28,cotton
22.00817088,92.23645249,20,28,cotton
24.32630461,69.45072055,20,28,cotton
22.92360984,92.91915074,20,28,cotton
23.43821725,81.15072105,20,28,cotton
22.10718988,74.94136567,20,28,cotton
23.03814028,91.49697481,20,28,cotton
24.54795322,63.88079866,20,28,cotton
23.73868041,76.63669195,20,28,cotton
22.31871914,65.35747011,20,28,cotton
26.33377983,191.6549412,18,24,coffee
26.45288458,144.6861336,18,24,coffee
25.70822684,136.7325092,18,24,coffee
24.12832546,147.2757818,18,24,coffee
23.44372334,122.2103248,18,24,coffee
23.4123707,139.3670753,18,24,coffee
23.05951896,164.4971875,18,24,coffee
23.07895447,129.8765443,18,24,coffee
27.6496114,122.8392822,18,24,coffee
25.46743689,171.3764462,18,24,coffee
26.7350622,140.6305213,18,24,coffee
26.20811417,189.0944824,18,24,coffee
27.0424167,165.6872119,18,24,coffee
24.65090184,135.1386537,18,24,coffee
27.35152643,148.9812525,18,24,coffee
25.17787724,135.0119649,18,24,coffee
23.11438731,161.8944624,18,24,coffee
27.22783677,175.7260273,18,24,coffee
23.26316991,194.1755471,18,24,coffee
25.234661,124.2261737,18,24,coffee
25.59535262,195.7733251,18,24,coffee
25.5674832,190.2257843,18,24,coffee
25.67324193,196.2736367,18,24,coffee
24.40726724,148.6977358,18,24,coffee
23.69287069,144.6576424,18,24,coffee
24.53460016,180.5059257,18,24,coffee
27.13140403,192.4280381,18,24,coffee
27.56088634,167.4358075,18,24,coffee
23.59302313,191.3980675,18,24,coffee
23.17714381,117.3113562,18,24,coffee
24.71384065,197.6439711,18,24,coffee
24.38534644,119.6324109,18,24,coffee
27.15998538,126.1752206,18,24,coffee
26.53543168,120.6494434,18,24,coffee
27.01207284,191.4508931,18,24,coffee
27.55906475,117.9389993,18,24,coffee
23.32293161,168.2644287,18,24,coffee
24.23850608,115.1564012,18,24,coffee
23.42611644,122.6847408,18,24,coffee
26.02241444,176.9020924,18,24,coffee
24.83846178,124.4135035,18,24,coffee
26.24092174,148.3771202,18,24,coffee
24.43011925,181.6368274,18,24,coffee
26.00373964,153.477776,18,24,coffee
26.22367404,193.7461968,18,24,coffee
27.09617155,190.2440566,18,24,coffee
25.64004392,199.4735636,18,24,coffee
27.74576987,139.8619431,18,24,coffee
26.24928198,133.1120232,18,24,coffee
26.67377159,156.1543898,18,24,coffee
27.10210397,139.5013171,18,24,coffee
27.62975458,196.6492664,18,24,coffee
27.5364547,130.6377143,18,24,coffee
23.56960509,130.3797119,18,24,coffee
24.99451759,192.8736822,18,24,coffee
27.56441788,177.816092,18,24,coffee
23.98143338,161.5279095,18,24,coffee
24.22984659,122.4073418,18,24,coffee
25.60153969,168.8383605,18,24,coffee
24.31274458,184.4103931,18,24,coffee
26.36629861,177.3176161,18,24,coffee
26.5602777,152.0616227,18,24,coffee
26.35034208,121.5586297,18,24,coffee
25.20406808,156.1457255,18,24,coffee
23.35723208,171.6976946,18,24,coffee
23.60567546,185.1568059,18,24,coffee
24.18471151,163.2708732,18,24,coffee
26.44414097,175.3723314,18,24,coffee
26.12492233,147.8035305,18,24,coffee
27.77363343,192.7121236,18,24,coffee
25.55656667,193.5866233,18,24,coffee
27.92374437,115.2325531,18,24,coffee
26.05968403,161.3432535,18,24,coffee
26.35770906,163.6269496,18,24,coffee
24.91370487,129.5481144,18,24,coffee
27.31317116,192.4288139,18,24,coffee
26.1387869,136.3027766,18,24,coffee
23.1069385,162.5769606,18,24,coffee
23.52648086,171.8839938,18,24,coffee
25.11711046,194.8773479,18,24,coffee
24.02952505,134.6803969,18,24,coffee
26.70897548,158.8608887,18,24,coffee
26.71717393,126.8073984,18,24,coffee
24.59245684,137.7044047,18,24,coffee
27.51006055,143.9955548,18,24,coffee
27.57847581,156.6810374,18,24,coffee
26.65069302,145.105065,18,24,coffee
26.97251562,142.8610793,18,24,coffee
23.17124551,153.1201644,18,24,coffee
23.52652084,186.1728203,18,24,coffee
27.30901814,141.4831644,18,24,coffee
27.54823036,181.4170812,18,24,coffee
25.627355,188.5506536,18,24,coffee
23.29250318,183.468585,18,24,coffee
24.91461008,166.2549307,18,24,coffee
26.77463708,177.7745075,18,24,coffee
27.41711238,127.92461,18,24,coffee
24.13179691,173.3228386,18,24,coffee
26.2724184,127.1752928,18,24,coffee
23.60301571,140.9370415,18,24,coffee
26.9,96.4,18,32,cocoa
26.15,129.7,18,32,cocoa
26.1,124.9,18,32,cocoa
25.85,139.7,18,32,cocoa
25.05,113.5,18,32,cocoa
24.45,152.3,18,32,cocoa
25.2,165.3,18,32,cocoa
26.15,127.2,18,32,cocoa
25.05,48.6,18,32,cocoa
24.1,12.3,18,32,cocoa
25.85,49.3,18,32,cocoa
27.85,109.4,18,32,cocoa
25.5,139.5,18,32,cocoa
26.6,246.3,18,32,cocoa
25.15,408.4,18,32,cocoa
24.75,163.6,18,32,cocoa
24.7,53.8,18,32,cocoa
25.15,102.5,18,32,cocoa
27.0,187.1,18,32,cocoa
27.15,114.1,18,32,cocoa
25.3,50.0,18,32,cocoa
27.8,98.2,18,32,cocoa
27.75,163.8,18,32,cocoa
27.8,288.0,18,32,cocoa
27.15,457.0,18,32,cocoa
25.75,133.8,18,32,cocoa
25.0,29.2,18,32,cocoa
26.25,70.5,18,32,cocoa
27.35,156.6,18,32,cocoa
27.95,134.0,18,32,cocoa
25.85,67.3,18,32,cocoa
27.65,27.4,18,32,cocoa
29.35,71.4,18,32,cocoa
27.9,111.0,18,32,cocoa
26.6,154.8,18,32,cocoa
25.45,252.0,18,32,cocoa
23.35,322.3,18,32,cocoa
28.6,234.8,18,32,cocoa
26.25,125.8,18,32,cocoa
23.65,24.9,18,32,cocoa
26.9,11.0,18,32,cocoa
27.95,124.4,18,32,cocoa
27.55,157.8,18,32,cocoa
27.3,180.7,18,32,cocoa
26.35,191.1,18,32,cocoa
25.4,129.2,18,32,cocoa
25.0,76.9,18,32,cocoa
25.8,148.9,18,32,cocoa
26.4,170.2,18,32,cocoa
26.75,60.1,18,32,cocoa
25.9,32.6,18,32,cocoa
29.05,127.2,18,32,cocoa
28.75,144.3,18,32,cocoa
28.3,179.8,18,32,cocoa
27.25,216.0,18,32,cocoa
26.4,127.2,18,32,cocoa
26.0,95.9,18,32,cocoa
26.75,137.4,18,32,cocoa
27.35,170.7,18,32,cocoa
27.8,73.3,18,32,cocoa
27.2,36.5,18,32,cocoa
28.4,108.9,18,32,cocoa
27.55,153.9,18,32,cocoa
27.0,143.2,18,32,cocoa
25.9,183.3,18,32,cocoa
24.95,99.9,18,32,cocoa
24.6,74.5,18,32,cocoa
25.25,161.0,18,32,cocoa
25.85,162.2,18,32,cocoa
26.45,45.6,18,32,cocoa
28.15,37.8,18,32,cocoa
28.45,119.4,18,32,cocoa
28.15,152.1,18,32,cocoa
27.6,175.7,18,32,cocoa
26.6,191.8,18,32,cocoa
25.75,135.7,18,32,cocoa
25.5,78.2,18,32,cocoa
26.25,119.2,18,32,cocoa
26.95,201.6,18,32,cocoa
27.25,106.8,18,32,cocoa
28.5,60.3,18,32,cocoa
28.1,97.5,18,32,cocoa
27.9,168.2,18,32,cocoa
27.25,316.0,18,32,cocoa
26.2,491.7,18,32,cocoa
25.55,168.7,18,32,cocoa
25.0,59.6,18,32,cocoa
25.55,85.8,18,32,cocoa
26.35,201.8,18,32,cocoa
27.0,138.5,18,32,cocoa
27.25,65.5,18,32,cocoa
30.0,10.8,18,32,cocoa
30.75,37.0,18,32,cocoa
29.9,93.9,18,32,cocoa
28.85,128.8,18,32,cocoa
27.4,217.2,18,32,cocoa
26.45,210.9,18,32,cocoa
26.15,227.6,18,32,cocoa
26.65,252.3,18,32,cocoa
27.55,142.7,18,32,cocoa
28.3,22.2,18,32,cocoa
25.55,11.7,25,32,wheat
31.05,7.5,25,32,wheat
33.75,21.3,25,32,wheat
32.85,137.3,25,32,wheat
29.75,313.9,25,32,wheat
29.05,327.6,25,32,wheat
28.95,205.7,25,32,wheat
26.75,52.6,25,32,wheat
19.75,19.0,25,32,wheat
16.9,20.1,25,32,wheat
22.85,55.1,25,32,wheat
25.6,147.0,25,32,wheat
26.85,248.9,25,32,wheat
28.25,316.8,25,32,wheat
28.65,351.2,25,32,wheat
28.8,269.4,25,32,wheat
28.1,187.0,25,32,wheat
26.05,90.9,25,32,wheat
22.15,18.5,25,32,wheat
19.05,17.2,25,32,wheat
22.5,14.5,25,32,wheat
28.75,10.7,25,32,wheat
33.0,14.1,25,32,wheat
33.85,66.3,25,32,wheat
31.1,198.4,25,32,wheat
29.9,206.5,25,32,wheat
29.35,130.3,25,32,wheat
26.15,20.8,25,32,wheat
20.4,3.9,25,32,wheat
17.0,21.0,25,32,wheat
26.75,0.1,25,32,wheat
28.4,0.5,25,32,wheat
29.85,20.6,25,32,wheat
29.15,504.2,25,32,wheat
27.55,819.4,25,32,wheat
27.2,546.8,25,32,wheat
27.3,325.2,25,32,wheat
28.25,81.1,25,32,wheat
27.15,113.2,25,32,wheat
25.2,4.1,25,32,wheat
13.5,122.2,25,32,wheat
16.25,270.9,25,32,wheat
17.65,527.7,25,32,wheat
19.1,611.3,25,32,wheat
19.3,628.6,25,32,wheat
19.45,563.2,25,32,wheat
18.65,463.4,25,32,wheat
16.6,177.9,25,32,wheat
13.25,41.7,25,32,wheat
10.0,21.1,25,32,wheat
28.45,6.2,25,32,wheat
29.85,37.2,25,32,wheat
29.35,77.6,25,32,wheat
26.35,81.6,25,32,wheat
24.85,71.6,25,32,wheat
24.75,86.7,25,32,wheat
25.15,126.6,25,32,wheat
25.55,121.1,25,32,wheat
24.0,36.6,25,32,wheat
22.65,8.6,25,32,wheat
24.4,9.4,25,32,wheat
29.6,11.7,25,32,wheat
31.85,36.1,25,32,wheat
31.5,166.7,25,32,wheat
29.05,339.1,25,32,wheat
28.75,232.3,25,32,wheat
26.65,60.4,25,32,wheat
29.45,342.7,25,32,wheat
18.65,15.2,25,32,wheat
21.6,4.9,25,32,wheat
27.6,1.2,25,32,wheat
24.4,9.4,25,32,wheat
29.6,11.7,25,32,wheat
31.85,36.1,25,32,wheat
31.5,166.7,25,32,wheat
29.95,342.7,25,32,wheat
29.05,339.1,25,32,wheat
28.25,232.3,25,32,wheat
21.65,60.4,25,32,wheat
18.65,15.2,25,32,wheat
15.55,14.2,25,32,wheat
25.15,4.0,25,32,wheat
28.3,3.2,25,32,wheat
29.3,10.3,25,32,wheat
27.45,62.9,25,32,wheat
25.1,257.0,25,32,wheat
24.3,245.8,25,32,wheat
24.5,98.5,25,32,wheat
25.1,19.6,25,32,wheat
22.3,7.8,25,32,wheat
20.35,5.4,25,32,wheat
13.35,37.0,25,32,wheat
18.65,102.0,25,32,wheat
22.45,159.0,25,32,wheat
22.3,166.0,25,32,wheat
28.35,171.0,25,32,wheat
28.65,138.0,25,32,wheat
23.45,149.0,25,32,wheat
18.5,96.0,25,32,wheat
13.55,53.0,25,32,wheat
9.05,26.0,25,32,wheat
