,Open,Close,High,Low,Volume,Date
0,399.75,406.25,407.75,187.0,,2022-05-06
1,391.75,401.0,402.5,187.0,,2022-05-05
2,388.25,390.5,394.5,382.25,,2022-05-04
3,403.0,390.75,409.0,388.5,,2022-05-03
4,400.5,403.0,407.0,392.0,,2022-05-02
5,417.25,400.75,427.75,399.25,,2022-04-29
6,417.5,416.5,427.75,410.75,,2022-04-28
7,413.75,418.25,419.5,412.25,,2022-04-27
8,413.0,415.25,415.5,411.0,,2022-04-26
9,406.0,408.25,412.0,402.0,,2022-04-25
10,404.25,407.0,414.0,187.0,,2022-04-22
11,398.25,405.75,408.5,396.75,,2022-04-21
12,399.5,398.5,400.5,394.5,,2022-04-20
13,410.0,399.5,411.0,397.75,,2022-04-19
14,405.0,401.0,411.0,400.0,,2022-04-14
15,394.0,403.0,409.5,390.75,,2022-04-13
16,383.0,399.25,400.0,382.75,,2022-04-12
17,375.0,379.5,380.5,373.75,,2022-04-11
18,364.25,372.75,375.0,363.5,,2022-04-08
19,363.5,363.75,367.5,363.0,,2022-04-07
20,363.75,364.0,369.75,362.75,,2022-04-06
21,369.5,364.5,372.75,363.75,,2022-04-05
22,369.5,363.75,370.5,362.5,,2022-04-04
23,365.75,365.25,372.25,362.75,,2022-04-01
24,363.25,369.5,374.0,360.75,,2022-03-31
25,357.5,362.5,367.25,355.5,,2022-03-30
26,371.0,357.5,373.5,347.5,,2022-03-29
27,374.25,369.75,377.0,367.75,,2022-03-28
28,373.25,381.25,383.5,371.25,,2022-03-25
29,381.75,376.5,383.5,374.0,,2022-03-24
30,382.25,384.5,388.5,380.0,,2022-03-23
31,379.5,379.0,388.75,373.25,,2022-03-22
32,364.0,376.75,378.75,187.0,,2022-03-21
33,365.0,361.75,366.25,360.25,,2022-03-18
34,365.5,367.75,370.75,361.0,,2022-03-17
35,381.5,363.5,384.25,360.0,,2022-03-16
36,385.0,386.5,392.5,374.0,,2022-03-15
37,366.5,378.75,386.5,362.25,,2022-03-14
38,374.25,370.75,376.0,362.5,,2022-03-11
39,0.0,386.25,0.0,0.0,,2022-03-10
40,398.0,403.5,403.75,392.25,,2022-03-09
41,424.5,395.0,425.0,395.0,,2022-03-08
42,430.0,422.5,450.0,422.5,,2022-03-07
43,400.0,393.75,426.0,378.0,,2022-03-04
44,366.0,381.75,390.75,355.0,,2022-03-03
45,370.0,361.0,390.0,349.75,,2022-03-02
46,331.25,351.25,352.25,180.75,,2022-03-01
47,302.5,322.5,323.75,180.75,,2022-02-28
48,308.5,290.0,314.25,289.25,,2022-02-25
49,307.25,316.5,344.0,180.75,,2022-02-24
50,280.0,287.0,287.75,279.0,,2022-02-23
51,281.0,278.5,282.75,273.25,,2022-02-22
52,271.75,274.0,275.0,269.0,,2022-02-21
53,264.0,271.75,272.75,262.75,,2022-02-18
54,266.75,265.0,311.5,263.25,,2022-02-17
55,266.0,263.0,311.5,262.5,,2022-02-16
56,270.25,266.75,311.5,264.5,,2022-02-15
57,271.5,274.0,274.5,269.0,,2022-02-14
58,261.25,268.75,269.5,180.75,,2022-02-11
59,266.5,261.5,271.25,260.75,,2022-02-10
60,265.25,262.75,265.5,261.0,,2022-02-09
61,264.5,264.5,266.25,260.75,,2022-02-08
62,267.0,266.0,269.0,265.0,,2022-02-07
63,262.0,265.5,266.5,260.75,,2022-02-04
64,262.25,261.25,263.25,259.0,,2022-02-03
65,268.25,264.25,269.5,263.25,,2022-02-02
66,267.75,269.25,272.25,267.0,,2022-02-01
67,280.5,266.0,281.75,264.0,,2022-01-31
68,279.75,278.75,281.25,275.25,,2022-01-28
69,280.5,277.25,283.5,275.5,,2022-01-27
70,288.25,281.25,289.0,280.0,,2022-01-26
71,284.25,290.75,291.75,180.75,,2022-01-25
72,273.75,281.0,281.5,273.5,,2022-01-24
73,272.5,272.5,275.0,271.0,,2022-01-21
74,275.25,273.75,276.0,272.25,,2022-01-20
75,270.75,274.75,275.0,269.75,,2022-01-19
76,266.75,267.75,269.25,264.5,,2022-01-18
77,263.25,265.75,266.5,262.25,,2022-01-17
78,263.75,263.5,265.0,259.75,,2022-01-14
79,269.25,265.75,311.5,264.5,,2022-01-13
80,277.0,271.25,277.25,270.5,,2022-01-12
81,275.0,276.75,278.25,180.75,,2022-01-11
82,274.0,275.5,276.5,273.25,,2022-01-10
83,271.5,274.5,275.0,270.75,,2022-01-07
84,274.25,273.0,275.0,271.75,,2022-01-06
85,278.25,276.0,279.75,274.5,,2022-01-05
86,273.0,279.25,279.5,180.75,,2022-01-04
87,280.25,274.0,282.0,272.25,,2022-01-03
88,280.5,278.5,281.0,277.5,,2021-12-31
89,281.0,280.0,282.25,279.5,,2021-12-30
90,280.75,282.25,282.75,279.0,,2021-12-29
91,288.0,280.5,311.5,279.5,,2021-12-28
92,292.0,289.5,295.0,288.75,,2021-12-27
93,291.0,290.25,291.5,288.75,,2021-12-24
94,293.0,290.75,293.25,288.75,,2021-12-23
95,287.75,292.25,293.0,286.25,,2021-12-22
96,280.0,285.0,286.75,278.0,,2021-12-21
97,275.0,279.75,280.0,272.75,,2021-12-20
98,278.0,278.5,279.75,276.25,,2021-12-17
99,276.5,276.0,277.75,272.25,,2021-12-16
100,280.0,275.75,281.75,274.25,,2021-12-15
101,284.25,284.25,285.5,280.25,,2021-12-14
102,283.0,286.25,286.5,279.5,,2021-12-13
103,278.25,278.75,281.75,179.0,,2021-12-10
104,276.5,277.0,281.0,276.25,,2021-12-09
105,279.75,279.0,313.5,274.0,,2021-12-08
106,280.0,280.25,283.75,276.75,,2021-12-07
107,283.0,281.0,284.0,279.0,,2021-12-06
108,289.25,283.0,289.5,281.75,,2021-12-03
109,285.25,290.5,291.5,284.5,,2021-12-02
110,284.0,282.0,285.0,279.25,,2021-12-01
111,283.5,279.5,287.0,277.0,,2021-11-30
112,300.5,287.0,302.5,286.25,,2021-11-29
113,302.75,299.25,313.5,297.5,,2021-11-26
114,307.0,305.5,313.5,302.25,,2021-11-25
115,312.75,306.25,313.5,305.0,,2021-11-24
116,307.75,311.5,312.25,307.0,,2021-11-23
117,303.75,309.0,310.25,179.0,,2021-11-22
118,299.0,299.75,303.25,294.75,,2021-11-19
119,296.75,297.0,301.0,296.5,,2021-11-18
120,289.75,295.5,298.0,289.0,,2021-11-17
121,295.0,289.0,296.5,288.5,,2021-11-16
122,297.0,294.75,300.5,293.0,,2021-11-15
123,298.75,297.25,299.25,294.5,,2021-11-12
124,295.75,297.0,300.5,295.0,,2021-11-11
125,287.0,294.75,295.25,286.25,,2021-11-10
126,284.75,286.0,286.5,282.25,,2021-11-09
127,288.75,283.75,289.0,282.75,,2021-11-08
128,291.25,287.75,291.5,287.5,,2021-11-05
129,291.25,290.0,292.25,289.25,,2021-11-04
130,293.5,289.5,296.0,289.0,,2021-11-03
131,292.75,292.75,297.0,291.75,,2021-11-02
132,283.75,291.25,293.25,283.5,,2021-11-01
133,283.0,283.25,284.5,281.25,,2021-10-29
134,285.25,283.0,286.25,282.25,,2021-10-28
135,280.75,284.75,286.75,280.25,,2021-10-27
136,281.25,284.75,285.0,279.25,,2021-10-26
137,282.0,282.0,283.0,280.25,,2021-10-25
138,278.25,280.0,280.75,278.0,,2021-10-22
139,277.5,276.5,278.0,275.75,,2021-10-21
140,275.0,278.25,278.75,274.0,,2021-10-20
141,275.25,273.75,276.0,272.25,,2021-10-19
142,276.5,274.0,277.75,273.0,,2021-10-18
143,271.5,276.0,276.75,270.75,,2021-10-15
144,266.0,270.5,271.0,265.5,,2021-10-14
145,271.5,264.75,273.0,264.0,,2021-10-13
146,269.0,271.5,273.0,267.25,,2021-10-12
147,269.5,268.5,271.5,267.25,,2021-10-11
148,269.5,269.0,272.0,268.25,,2021-10-08
149,268.0,269.25,270.0,265.5,,2021-10-07
150,262.75,268.25,268.75,179.0,,2021-10-06
151,265.0,262.75,266.5,261.25,,2021-10-05
152,265.0,265.25,266.5,263.25,,2021-10-04
153,260.75,264.25,265.75,259.25,,2021-10-01
154,255.75,258.0,262.75,179.0,,2021-09-30
155,254.0,256.0,257.75,253.0,,2021-09-29
156,252.75,254.0,257.25,252.25,,2021-09-28
157,253.25,253.25,253.75,179.0,,2021-09-27
158,0.0,253.25,0.0,0.0,,2021-09-24
159,251.0,252.0,252.5,249.75,,2021-09-23
160,245.25,249.5,249.75,244.75,,2021-09-22
161,245.25,244.25,246.75,243.25,,2021-09-21
162,246.75,245.75,247.0,244.75,,2021-09-20
163,249.0,247.75,249.25,247.0,,2021-09-17
164,248.5,248.75,249.25,247.0,,2021-09-16
165,243.25,248.5,249.25,179.0,,2021-09-15
166,240.5,243.0,244.25,240.0,,2021-09-14
167,237.5,239.0,239.25,236.75,,2021-09-13
168,231.0,235.75,236.0,177.25,,2021-09-10
169,235.25,235.25,240.0,233.75,,2021-09-09
170,239.0,239.5,283.5,177.25,,2021-09-08
171,241.25,239.25,242.5,236.0,,2021-09-07
172,243.5,240.0,245.0,235.0,,2021-09-06
173,249.0,243.75,283.5,243.5,,2021-09-03
174,245.5,248.5,252.75,177.25,,2021-09-02
175,252.0,250.75,253.0,248.0,,2021-09-01
176,250.0,248.75,253.25,246.0,,2021-08-31
177,253.0,250.75,255.0,250.75,,2021-08-30
178,250.25,250.0,251.25,247.0,,2021-08-27
179,248.75,251.0,261.0,247.0,,2021-08-26
180,272.75,245.25,283.5,243.25,,2021-08-25
181,273.75,272.75,274.5,269.5,,2021-08-24
182,274.5,273.5,283.75,268.5,,2021-08-23
183,262.0,273.25,279.25,261.5,,2021-08-20
184,251.0,261.0,262.0,177.25,,2021-08-19
185,244.5,254.25,257.0,242.25,,2021-08-18
186,251.5,245.75,260.0,244.75,,2021-08-17
187,255.25,252.5,259.0,249.75,,2021-08-16
188,246.5,254.5,260.0,246.0,,2021-08-13
189,237.5,245.75,246.75,236.5,,2021-08-12
190,233.25,236.5,238.5,233.0,,2021-08-11
191,229.5,234.5,235.5,229.0,,2021-08-10
192,228.5,229.25,230.0,227.75,,2021-08-09
193,224.5,229.5,230.75,224.25,,2021-08-06
194,225.0,225.0,227.25,224.0,,2021-08-05
195,230.0,224.25,231.75,223.75,,2021-08-04
196,226.75,228.25,231.0,226.0,,2021-08-03
197,225.0,228.5,229.0,224.0,,2021-08-02
198,221.5,223.25,224.0,216.75,,2021-07-30
199,218.0,220.75,221.5,217.0,,2021-07-29
200,213.0,216.25,216.5,177.25,,2021-07-28
201,213.25,212.0,214.5,211.0,,2021-07-27
202,209.5,213.0,213.0,209.0,,2021-07-26
203,210.0,212.0,213.0,208.75,,2021-07-23
204,211.5,210.0,212.5,209.0,,2021-07-22
205,216.75,213.75,217.0,212.75,,2021-07-21
206,217.5,215.5,218.0,215.25,,2021-07-20
207,217.25,214.25,217.5,212.5,,2021-07-19
208,210.0,214.25,215.0,177.25,,2021-07-16
209,208.5,208.75,210.25,207.0,,2021-07-15
210,203.5,208.25,209.0,201.75,,2021-07-14
211,199.75,202.5,203.5,197.75,,2021-07-13
212,197.5,199.0,200.5,196.75,,2021-07-12
213,198.5,197.25,199.5,196.75,,2021-07-09
214,199.5,199.75,201.75,198.25,,2021-07-08
215,199.5,200.0,200.75,198.75,,2021-07-07
216,199.75,198.25,200.25,196.25,,2021-07-06
217,204.75,200.5,205.0,199.5,,2021-07-05
218,209.25,205.0,210.25,204.25,,2021-07-02
219,210.75,209.0,214.0,208.25,,2021-07-01
220,202.25,209.25,210.75,201.5,,2021-06-30
221,202.25,202.75,204.25,177.25,,2021-06-29
222,202.25,203.0,204.25,202.0,,2021-06-28
223,205.75,201.5,206.0,200.75,,2021-06-25
224,206.25,204.5,207.75,203.5,,2021-06-24
225,208.25,206.75,209.5,206.0,,2021-06-23
226,208.0,207.0,209.0,207.0,,2021-06-22
227,206.5,207.25,208.75,204.5,,2021-06-21
228,205.0,208.25,209.0,204.75,,2021-06-18
229,205.5,204.5,206.0,204.25,,2021-06-17
230,205.75,206.5,207.75,205.25,,2021-06-16
231,207.0,205.75,208.0,205.25,,2021-06-15
232,208.0,209.0,210.0,206.5,,2021-06-14
233,211.75,211.25,213.75,209.25,,2021-06-11
234,212.75,212.5,214.5,210.25,,2021-06-10
235,215.0,212.5,233.5,211.5,,2021-06-09
236,218.5,216.25,218.75,215.5,,2021-06-08
237,217.25,216.5,219.75,215.5,,2021-06-07
238,215.5,214.75,217.0,214.25,,2021-06-04
239,217.75,215.5,220.0,213.75,,2021-06-03
240,219.5,215.0,221.5,214.25,,2021-06-02
241,215.0,218.75,219.0,213.75,,2021-06-01
242,210.75,213.75,214.25,209.75,,2021-05-31
243,212.5,211.25,212.75,209.0,,2021-05-28
244,207.0,212.0,212.5,206.75,,2021-05-27
245,204.0,206.0,206.75,201.75,,2021-05-26
246,208.25,205.25,209.75,203.75,,2021-05-25
247,210.0,208.25,210.25,206.75,,2021-05-24
248,212.5,212.75,213.75,211.0,,2021-05-21
249,211.75,213.75,214.75,211.0,,2021-05-20
250,212.5,211.5,213.75,209.75,,2021-05-19
251,216.25,215.0,218.5,214.0,,2021-05-18
252,214.25,214.5,217.75,213.5,,2021-05-17
253,219.0,218.0,222.25,215.5,,2021-05-14
254,224.0,216.0,233.5,214.5,,2021-05-13
255,228.0,225.5,229.75,224.0,,2021-05-12
256,223.25,226.75,229.5,222.5,,2021-05-11
257,245.0,245.75,255.0,231.0,,2021-05-10
258,258.75,243.75,270.0,243.0,,2021-05-07
259,257.5,253.5,261.5,251.25,,2021-05-06
260,252.75,248.5,259.75,247.0,,2021-05-05
261,242.25,252.25,255.0,240.25,,2021-05-04
262,259.0,243.5,261.5,240.25,,2021-05-03
263,252.0,257.75,258.5,248.0,,2021-04-30
264,250.5,251.25,257.5,249.0,,2021-04-29
265,243.0,251.25,252.25,242.25,,2021-04-28
266,249.25,247.25,252.75,245.75,,2021-04-27
267,240.0,246.75,248.75,180.5,,2021-04-26
268,235.0,236.25,237.75,233.0,,2021-04-23
269,233.0,238.5,240.0,232.5,,2021-04-22
270,224.75,231.5,233.0,180.5,,2021-04-21
271,217.25,223.0,224.0,216.75,,2021-04-20
272,218.0,216.5,218.25,214.5,,2021-04-19
273,221.0,217.75,221.25,217.0,,2021-04-16
274,222.0,219.5,236.0,217.75,,2021-04-15
275,219.0,220.75,236.0,180.5,,2021-04-14
276,212.0,217.5,218.75,211.0,,2021-04-13
277,211.75,211.25,212.75,210.25,,2021-04-12
278,212.25,212.75,215.25,211.0,,2021-04-09
279,207.75,211.75,212.75,180.5,,2021-04-08
280,205.0,207.25,207.75,204.0,,2021-04-07
281,209.5,205.75,210.75,205.0,,2021-04-06
282,216.0,209.25,236.0,207.25,,2021-04-01
283,210.25,215.5,218.0,208.75,,2021-03-31
284,210.75,209.75,212.25,208.75,,2021-03-30
285,214.25,210.75,214.5,210.25,,2021-03-29
286,214.0,214.75,215.25,213.5,,2021-03-26
287,217.5,214.0,236.0,213.5,,2021-03-25
288,221.25,218.5,222.25,217.5,,2021-03-24
289,218.5,221.0,222.25,218.25,,2021-03-23
290,219.25,218.75,220.0,218.25,,2021-03-22
291,221.0,219.75,221.25,218.5,,2021-03-19
292,221.0,220.5,221.25,220.0,,2021-03-18
293,221.5,221.5,223.25,220.5,,2021-03-17
294,222.25,222.0,222.75,220.0,,2021-03-16
295,222.5,223.0,223.5,220.25,,2021-03-15
296,224.0,223.25,225.0,223.0,,2021-03-12
297,227.75,224.5,228.25,224.25,,2021-03-11
298,230.5,230.75,231.0,230.25,,2021-03-10
299,235.25,236.0,238.0,234.0,,2021-03-09
300,232.0,238.0,240.0,178.75,,2021-03-08
301,236.25,231.5,252.75,231.0,,2021-03-05
302,238.0,236.25,238.75,235.75,,2021-03-04
303,246.0,237.25,247.0,236.25,,2021-03-03
304,251.0,245.0,252.5,242.75,,2021-03-02
305,245.0,250.0,252.75,244.75,,2021-03-01
306,244.5,245.0,246.75,243.25,,2021-02-26
307,245.0,245.75,246.75,242.75,,2021-02-25
308,241.0,245.25,246.25,178.75,,2021-02-24
309,239.25,240.75,241.0,237.5,,2021-02-23
310,239.5,239.5,241.75,238.5,,2021-02-22
311,237.0,238.75,242.75,236.5,,2021-02-19
312,229.5,237.5,238.0,178.75,,2021-02-18
313,230.0,229.0,230.5,228.5,,2021-02-17
314,229.75,230.5,231.25,229.0,,2021-02-16
315,225.0,228.5,229.75,224.25,,2021-02-15
316,223.0,223.75,224.25,222.0,,2021-02-12
317,221.25,222.5,224.0,178.75,,2021-02-11
318,223.0,221.5,224.0,221.25,,2021-02-10
319,226.25,223.75,227.5,223.5,,2021-02-09
320,225.0,226.5,227.0,224.75,,2021-02-08
321,225.0,224.5,226.75,223.5,,2021-02-05
322,226.0,224.75,226.75,224.25,,2021-02-04
323,223.5,224.75,225.25,221.25,,2021-02-03
324,224.5,226.0,226.75,222.25,,2021-02-02
325,228.25,223.5,228.75,222.5,,2021-02-01
326,229.25,227.0,230.0,224.0,,2021-01-29
327,228.5,229.75,231.75,227.0,,2021-01-28
328,230.25,231.0,232.75,229.0,,2021-01-27
329,227.5,229.75,230.25,226.5,,2021-01-26
330,223.75,226.5,227.25,222.0,,2021-01-25
331,231.5,223.25,240.25,222.0,,2021-01-22
332,234.75,231.75,235.25,229.75,,2021-01-21
333,233.0,234.0,235.75,231.5,,2021-01-20
334,238.5,235.75,240.25,234.5,,2021-01-19
335,232.25,235.75,236.0,178.75,,2021-01-18
336,235.0,231.5,235.75,231.0,,2021-01-15
337,226.75,229.75,230.25,226.25,,2021-01-14
338,224.5,226.75,232.75,224.25,,2021-01-13
339,220.5,224.5,225.0,220.25,,2021-01-12
340,216.0,218.0,219.5,215.75,,2021-01-11
341,215.5,216.75,217.0,214.75,,2021-01-08
342,215.0,214.5,215.5,213.75,,2021-01-07
343,218.5,216.0,219.0,215.5,,2021-01-06
344,214.5,217.75,218.25,178.75,,2021-01-05
345,215.5,214.25,216.25,213.5,,2021-01-04
346,213.0,213.25,214.0,212.75,,2020-12-31
347,211.0,213.0,214.5,178.75,,2020-12-30
348,211.0,212.0,212.75,210.5,,2020-12-29
349,211.5,211.0,211.75,208.25,,2020-12-28
350,211.5,211.75,212.0,210.75,,2020-12-24
351,208.75,211.25,211.5,178.75,,2020-12-23
352,207.5,209.0,209.75,207.25,,2020-12-22
353,208.75,208.0,212.75,207.0,,2020-12-21
354,208.0,208.5,209.25,207.5,,2020-12-18
355,206.25,207.25,207.5,205.25,,2020-12-17
356,208.0,205.75,212.75,204.5,,2020-12-16
357,207.25,207.25,208.75,205.75,,2020-12-15
358,209.75,206.25,210.25,205.75,,2020-12-14
359,205.5,210.5,211.25,178.75,,2020-12-11
360,0.0,205.5,0.0,0.0,,2020-12-10
361,209.0,201.0,210.0,201.0,,2020-12-09
362,206.25,209.0,210.0,175.25,,2020-12-08
363,204.0,206.75,207.5,202.0,,2020-12-07
364,208.0,205.0,208.75,204.25,,2020-12-04
365,209.75,208.25,214.0,206.25,,2020-12-03
366,209.75,209.75,210.75,208.5,,2020-12-02
367,210.0,209.5,211.25,209.25,,2020-12-01
368,211.25,210.25,212.0,210.0,,2020-11-30
369,211.75,211.5,213.25,211.5,,2020-11-27
370,210.5,211.5,211.75,175.25,,2020-11-26
371,213.0,211.0,213.75,210.75,,2020-11-25
372,211.0,212.75,213.5,210.75,,2020-11-24
373,211.5,211.5,212.5,211.25,,2020-11-23
374,210.75,210.75,211.5,210.25,,2020-11-20
375,211.75,210.5,212.5,210.25,,2020-11-19
376,210.5,212.75,213.0,209.75,,2020-11-18
377,209.75,210.25,210.5,209.0,,2020-11-17
378,209.5,209.25,209.75,208.25,,2020-11-16
379,209.5,210.0,210.25,208.75,,2020-11-13
380,210.5,209.5,212.25,209.5,,2020-11-12
381,213.0,211.25,213.25,211.0,,2020-11-11
382,209.75,212.0,212.5,209.25,,2020-11-10
383,207.75,209.25,210.0,207.5,,2020-11-09
384,209.25,208.75,210.75,208.25,,2020-11-06
385,208.75,209.0,210.75,208.0,,2020-11-05
386,204.75,206.75,207.75,204.25,,2020-11-04
387,206.5,205.25,207.75,204.25,,2020-11-03
388,204.5,205.0,205.75,202.75,,2020-11-02
389,205.0,205.25,206.25,204.0,,2020-10-30
390,202.5,205.0,205.25,202.0,,2020-10-29
391,204.0,204.0,204.75,202.5,,2020-10-28
392,208.25,205.75,208.75,205.25,,2020-10-27
393,209.0,207.25,214.0,206.5,,2020-10-26
394,209.25,209.75,210.75,208.75,,2020-10-23
395,210.25,209.0,211.0,208.75,,2020-10-22
396,211.25,211.25,213.25,211.0,,2020-10-21
397,212.5,211.25,214.0,210.25,,2020-10-20
398,210.5,211.75,212.0,208.75,,2020-10-19
399,207.5,209.0,209.5,206.25,,2020-10-16
400,204.5,206.75,207.25,204.0,,2020-10-15
401,203.0,203.5,204.0,201.25,,2020-10-14
402,201.75,202.75,203.5,201.5,,2020-10-13
403,199.75,200.75,201.75,175.25,,2020-10-12
404,199.75,200.25,200.75,198.0,,2020-10-09
405,201.5,199.0,202.25,198.25,,2020-10-08
406,200.75,200.5,202.25,199.5,,2020-10-07
407,197.5,200.0,201.0,197.25,,2020-10-06
408,198.25,197.75,198.5,197.0,,2020-10-05
409,196.5,196.75,197.0,194.5,,2020-10-02
410,197.75,197.0,198.5,196.5,,2020-10-01
411,192.75,197.75,198.25,175.25,,2020-09-30
412,192.5,192.25,193.75,192.0,,2020-09-29
413,191.75,193.25,193.5,191.0,,2020-09-28
414,192.0,192.25,193.0,175.25,,2020-09-25
415,193.0,192.25,193.25,191.5,,2020-09-24
416,194.25,194.0,195.0,193.5,,2020-09-23
417,193.25,194.75,195.75,193.0,,2020-09-22
418,193.5,193.25,195.0,193.0,,2020-09-21
419,193.0,194.5,194.75,192.0,,2020-09-18
420,188.5,191.75,192.25,188.25,,2020-09-17
421,186.5,188.0,188.25,175.25,,2020-09-16
422,188.75,186.75,189.0,186.5,,2020-09-15
423,188.75,188.75,189.5,188.25,,2020-09-14
424,190.0,188.5,199.0,188.25,,2020-09-11
425,191.5,190.0,192.0,186.75,,2020-09-10
426,187.75,191.0,191.5,186.5,,2020-09-09
427,187.75,187.75,188.0,186.5,,2020-09-08
428,189.75,187.75,190.0,187.0,,2020-09-07
429,189.75,189.25,190.0,189.0,,2020-09-04
430,192.5,189.75,194.0,188.5,,2020-09-03
431,190.0,192.5,192.5,189.5,,2020-09-02
432,188.0,190.0,190.25,187.25,,2020-09-01
433,188.75,187.75,189.75,187.25,,2020-08-31
434,188.0,188.0,188.75,187.25,,2020-08-28
435,186.5,188.5,188.5,186.25,,2020-08-27
436,186.75,186.0,195.5,185.0,,2020-08-26
437,186.0,186.5,187.0,185.75,,2020-08-25
438,185.25,185.75,187.0,172.0,,2020-08-24
439,182.25,186.25,186.75,172.0,,2020-08-21
440,182.0,181.25,182.75,181.0,,2020-08-20
441,183.75,182.25,184.25,180.75,,2020-08-19
442,184.25,183.0,184.75,182.75,,2020-08-18
443,182.5,184.75,185.0,181.25,,2020-08-17
444,178.25,180.75,182.5,177.5,,2020-08-14
445,178.0,178.25,178.75,177.25,,2020-08-13
446,177.25,177.5,178.0,177.0,,2020-08-12
447,176.75,177.75,178.25,172.0,,2020-08-11
448,177.75,177.0,178.25,176.75,,2020-08-10
449,179.25,178.0,179.5,178.0,,2020-08-07
450,178.75,179.25,180.5,172.0,,2020-08-06
451,179.75,179.25,180.75,179.0,,2020-08-05
452,180.25,179.75,180.5,179.25,,2020-08-04
453,181.75,180.25,182.0,180.25,,2020-08-03
454,183.5,182.75,184.5,182.25,,2020-07-31
455,180.75,183.0,184.5,180.25,,2020-07-30
456,181.25,181.75,183.25,181.0,,2020-07-29
457,182.75,180.75,183.25,180.25,,2020-07-28
458,184.75,182.75,195.5,182.5,,2020-07-27
459,184.0,185.75,186.25,172.0,,2020-07-24
460,183.75,183.5,184.25,183.0,,2020-07-23
461,182.75,183.75,184.0,181.5,,2020-07-22
462,181.75,183.0,183.5,181.0,,2020-07-21
463,184.75,181.75,185.0,180.75,,2020-07-20
464,186.0,184.75,186.75,184.75,,2020-07-17
465,187.75,185.75,189.25,185.5,,2020-07-16
466,186.0,187.25,187.5,185.0,,2020-07-15
467,185.5,185.5,186.75,185.25,,2020-07-14
468,186.75,184.75,187.5,184.5,,2020-07-13
469,187.5,187.0,189.75,186.25,,2020-07-10
470,188.75,187.75,189.0,187.25,,2020-07-09
471,185.0,187.0,187.25,172.0,,2020-07-08
472,182.0,184.75,185.0,181.75,,2020-07-07
473,182.75,182.5,183.25,181.5,,2020-07-06
474,181.0,182.75,183.5,180.5,,2020-07-03
475,181.0,181.0,181.5,180.75,,2020-07-02
476,181.25,181.5,182.25,179.5,,2020-07-01
477,178.25,180.5,181.0,172.0,,2020-06-30
478,176.0,179.25,179.75,172.0,,2020-06-29
479,177.25,176.25,177.75,175.75,,2020-06-26
480,177.0,177.25,178.25,172.0,,2020-06-25
481,176.75,177.0,178.0,176.5,,2020-06-24
482,178.25,177.0,179.5,176.5,,2020-06-23
483,179.5,178.5,179.75,178.25,,2020-06-22
484,180.25,180.5,181.0,179.0,,2020-06-19
485,180.75,180.0,182.0,179.75,,2020-06-18
486,179.5,180.25,180.75,178.25,,2020-06-17
487,181.5,179.75,182.0,179.5,,2020-06-16
488,183.0,181.25,195.5,181.0,,2020-06-15
489,182.0,183.5,183.75,172.0,,2020-06-12
490,184.25,182.5,184.5,182.25,,2020-06-11
491,184.75,185.0,185.75,184.5,,2020-06-10
492,185.75,184.5,186.0,184.25,,2020-06-09
493,186.25,186.0,187.0,184.75,,2020-06-08
494,187.25,186.75,188.25,185.75,,2020-06-05
495,186.0,187.5,188.75,185.25,,2020-06-04
496,184.0,184.75,185.5,183.75,,2020-06-03
497,186.5,184.25,187.25,183.75,,2020-06-02
498,188.0,186.5,188.25,185.25,,2020-06-01
499,187.75,188.25,189.0,186.5,,2020-05-29
500,186.25,187.25,187.25,185.75,,2020-05-28
501,188.0,186.5,188.75,186.0,,2020-05-27
502,188.5,187.75,195.5,186.75,,2020-05-26
503,188.5,189.25,189.5,188.0,,2020-05-25
504,188.5,188.25,189.0,187.25,,2020-05-22
505,189.0,190.0,190.25,188.25,,2020-05-21
506,184.5,188.0,188.25,184.25,,2020-05-20
507,184.25,185.0,185.75,183.5,,2020-05-19
508,186.25,184.5,187.0,184.25,,2020-05-18
509,185.5,186.5,187.0,185.25,,2020-05-15
510,183.5,185.0,185.5,183.0,,2020-05-14
511,186.0,184.0,186.25,184.0,,2020-05-13
512,187.25,186.5,187.5,185.75,,2020-05-12
513,195.0,200.0,204.0,190.0,,2020-05-11
514,207.0,200.5,208.5,199.0,,2020-05-08
515,204.25,206.25,209.5,173.0,,2020-05-07
516,200.0,203.5,204.25,173.0,,2020-05-06
517,196.25,199.75,200.0,173.0,,2020-05-05
518,195.0,196.5,197.25,173.0,,2020-05-04
519,194.5,195.75,196.0,194.25,,2020-04-30
520,195.5,194.75,196.5,194.5,,2020-04-29
521,196.0,196.25,197.75,195.25,,2020-04-28
522,197.0,196.0,206.0,195.75,,2020-04-27
523,199.25,197.75,206.0,197.25,,2020-04-24
524,204.0,199.25,204.75,199.25,,2020-04-23
525,202.75,203.25,203.5,202.25,,2020-04-22
526,202.5,203.75,205.5,173.0,,2020-04-21
527,201.0,203.75,206.0,173.0,,2020-04-20
528,195.75,198.5,199.25,195.25,,2020-04-17
529,195.0,196.5,198.0,173.0,,2020-04-16
530,195.0,194.75,196.0,194.25,,2020-04-15
531,198.75,197.0,199.5,196.5,,2020-04-14
532,197.25,198.0,199.5,173.0,,2020-04-09
533,196.5,197.25,198.25,195.5,,2020-04-08
534,194.0,195.5,196.5,193.75,,2020-04-07
535,192.75,195.25,195.75,192.5,,2020-04-06
536,192.25,191.0,193.5,190.75,,2020-04-03
537,192.25,190.75,193.5,190.25,,2020-04-02
538,195.25,193.5,204.5,193.0,,2020-04-01
539,196.5,196.25,197.0,195.5,,2020-03-31
540,195.5,196.25,197.5,173.0,,2020-03-30
541,194.75,195.0,197.5,194.25,,2020-03-27
542,196.5,193.5,197.75,193.5,,2020-03-26
543,195.25,197.75,198.0,193.5,,2020-03-25
544,193.75,194.75,195.5,192.5,,2020-03-24
545,194.75,196.5,198.0,194.0,,2020-03-23
546,193.5,191.25,194.5,189.25,,2020-03-20
547,186.0,189.25,190.0,185.75,,2020-03-19
548,178.25,184.0,185.0,178.0,,2020-03-18
549,175.25,179.25,179.75,175.0,,2020-03-17
550,176.0,175.25,204.5,174.5,,2020-03-16
551,179.25,177.5,180.5,177.0,,2020-03-13
552,175.5,177.75,178.75,174.25,,2020-03-12
553,178.25,177.25,204.5,176.75,,2020-03-11
554,175.0,172.5,204.25,172.5,,2020-03-10
555,185.0,170.0,204.25,170.0,,2020-03-09
556,187.5,183.75,188.0,185.0,,2020-03-06
557,187.75,188.0,189.0,186.0,,2020-03-05
558,186.25,187.25,190.5,186.0,,2020-03-04
559,187.5,187.0,188.75,187.0,,2020-03-03
560,189.0,186.75,189.5,186.5,,2020-03-02
561,190.75,187.5,191.0,185.25,,2020-02-28
562,192.5,191.5,204.25,191.5,,2020-02-27
563,192.25,192.5,193.25,191.75,,2020-02-26
564,192.25,192.5,192.75,191.5,,2020-02-25
565,193.5,192.25,194.0,192.0,,2020-02-24
566,195.75,195.0,196.75,194.5,,2020-02-21
567,195.75,196.0,196.5,195.5,,2020-02-20
568,196.5,195.75,196.75,195.0,,2020-02-19
569,195.5,196.0,196.5,195.25,,2020-02-18
570,193.5,194.0,194.5,193.25,,2020-02-17
571,193.0,194.0,194.5,170.0,,2020-02-14
572,192.75,192.75,193.25,192.5,,2020-02-13
573,191.5,192.5,193.0,191.25,,2020-02-12
574,194.75,192.5,195.0,191.75,,2020-02-11
575,193.0,194.75,195.25,170.0,,2020-02-10
576,193.0,193.25,193.75,192.5,,2020-02-07
577,193.5,193.0,194.0,192.75,,2020-02-06
578,191.75,193.75,194.25,191.5,,2020-02-05
579,190.5,190.75,192.0,170.0,,2020-02-04
580,189.5,189.5,190.5,189.25,,2020-02-03
581,192.5,191.0,204.25,190.5,,2020-01-31
582,191.75,192.25,193.25,190.75,,2020-01-30
583,194.25,192.5,194.5,192.0,,2020-01-29
584,193.75,194.5,195.0,193.25,,2020-01-28
585,193.5,194.25,194.5,192.25,,2020-01-27
586,195.75,195.5,196.5,195.0,,2020-01-24
587,196.25,196.25,197.25,195.25,,2020-01-23
588,199.5,195.75,199.75,195.5,,2020-01-22
589,195.25,198.25,198.5,195.0,,2020-01-21
590,194.5,195.75,196.25,170.0,,2020-01-20
591,193.25,194.0,194.25,192.75,,2020-01-17
592,194.0,193.0,194.25,192.75,,2020-01-16
593,194.5,195.25,196.25,193.25,,2020-01-15
594,192.75,194.25,195.0,170.0,,2020-01-14
595,191.5,193.0,193.25,191.25,,2020-01-13
596,192.25,191.5,204.25,190.5,,2020-01-10
597,190.25,191.75,192.0,170.0,,2020-01-09
598,189.0,190.0,190.25,188.75,,2020-01-08
599,188.25,188.5,188.75,188.0,,2020-01-07
600,188.0,188.25,189.75,187.5,,2020-01-06
601,188.5,188.5,189.0,188.0,,2020-01-03
602,188.75,189.5,190.75,170.0,,2020-01-02
603,189.25,188.75,189.5,188.5,,2019-12-31
604,189.25,189.0,189.75,188.5,,2019-12-30
605,188.0,189.0,189.25,187.75,,2019-12-27
606,186.75,187.25,187.5,186.5,,2019-12-24
607,186.5,187.0,187.0,186.25,,2019-12-23
608,185.75,186.25,186.5,185.5,,2019-12-20
609,185.5,186.0,186.75,185.25,,2019-12-19
610,185.5,185.25,186.25,185.0,,2019-12-18
611,186.0,186.0,186.25,185.25,,2019-12-17
612,184.5,186.5,187.0,184.0,,2019-12-16
613,183.5,183.25,184.5,183.0,,2019-12-13
614,182.0,183.25,183.5,181.75,,2019-12-12
615,182.75,182.0,183.5,181.75,,2019-12-11
616,183.0,180.0,183.0,180.0,,2019-12-10
617,185.5,185.25,186.0,185.25,,2019-12-09
618,184.5,185.75,186.0,184.25,,2019-12-06
619,185.5,184.5,186.0,184.25,,2019-12-05
620,185.5,185.25,186.0,185.25,,2019-12-04
621,187.0,186.5,187.75,184.25,,2019-12-03
622,185.25,186.25,187.25,185.25,,2019-12-02
623,183.25,185.5,185.5,182.25,,2019-11-29
624,181.75,183.25,183.5,181.25,,2019-11-28
625,182.25,182.0,183.25,181.75,,2019-11-27
626,181.25,182.0,182.0,180.5,,2019-11-26
627,180.0,181.5,181.5,180.0,,2019-11-25
628,179.5,179.5,180.0,179.25,,2019-11-22
629,179.5,179.25,180.0,179.0,,2019-11-21
630,180.0,180.0,180.25,179.5,,2019-11-20
631,178.0,180.25,180.5,177.5,,2019-11-19
632,177.25,178.0,178.25,177.0,,2019-11-18
633,177.75,177.25,177.75,177.0,,2019-11-15
634,177.75,177.5,178.5,177.25,,2019-11-14
635,178.25,177.5,178.5,177.5,,2019-11-13
636,177.25,178.25,178.75,177.0,,2019-11-12
637,177.5,177.25,178.0,177.0,,2019-11-11
638,178.0,178.5,179.0,177.5,,2019-11-08
639,179.0,178.25,179.25,177.25,,2019-11-07
640,177.75,178.5,179.25,177.5,,2019-11-06
641,177.0,177.75,178.5,176.75,,2019-11-05
642,178.0,176.75,178.0,176.5,,2019-11-04
643,178.25,178.0,178.75,177.75,,2019-11-01
644,178.75,178.0,179.0,177.5,,2019-10-31
645,179.5,179.0,179.75,178.75,,2019-10-30
646,179.75,179.5,180.75,179.25,,2019-10-29
647,180.25,179.25,180.25,179.0,,2019-10-28
648,180.0,181.0,181.0,178.75,,2019-10-25
649,181.0,180.0,181.25,179.75,,2019-10-24
650,181.25,181.0,181.5,180.25,,2019-10-23
651,181.5,181.0,182.25,181.0,,2019-10-22
652,181.25,180.75,182.25,180.5,,2019-10-21
653,181.0,181.25,181.5,179.5,,2019-10-18
654,180.5,181.25,181.75,180.25,,2019-10-17
655,178.75,180.0,180.25,178.5,,2019-10-16
656,180.0,178.25,180.5,177.75,,2019-10-15
657,180.5,180.25,181.0,179.0,,2019-10-14
658,177.5,180.0,180.25,177.25,,2019-10-11
659,178.75,177.0,179.0,176.75,,2019-10-10
660,177.75,178.75,179.0,177.25,,2019-10-09
661,176.0,178.0,178.25,175.75,,2019-10-08
662,176.0,176.5,176.75,175.5,,2019-10-07
663,176.25,176.25,176.5,175.5,,2019-10-04
664,174.75,176.25,176.5,174.5,,2019-10-03
665,175.25,174.5,176.25,174.25,,2019-10-02
666,175.5,175.25,176.0,174.5,,2019-10-01
667,174.0,174.75,175.0,173.5,,2019-09-30
668,173.0,174.0,174.5,173.0,,2019-09-27
669,171.25,173.0,173.25,171.25,,2019-09-26
670,170.5,170.75,171.25,170.25,,2019-09-25
671,171.0,170.25,171.5,170.25,,2019-09-24
672,171.75,171.75,172.25,171.5,,2019-09-23
673,171.75,171.25,172.25,171.0,,2019-09-20
674,171.25,171.75,172.5,171.0,,2019-09-19
675,171.5,171.5,172.0,170.5,,2019-09-18
676,171.5,171.0,171.5,170.5,,2019-09-17
677,170.25,171.75,172.0,169.5,,2019-09-16
678,169.0,170.25,171.75,169.0,,2019-09-13
679,169.5,169.5,170.25,167.75,,2019-09-12
680,170.0,169.25,170.25,169.0,,2019-09-11
681,153.0,157.5,158.0,153.0,,2019-09-10
682,158.25,153.0,158.5,151.25,,2019-09-09
683,158.0,158.5,159.0,158.0,,2019-09-06
684,158.25,159.0,159.75,158.25,,2019-09-05
685,161.5,158.25,161.75,157.75,,2019-09-04
686,163.5,161.0,164.5,160.5,,2019-09-03
687,165.0,163.75,165.0,163.25,,2019-09-02
688,165.0,164.25,165.25,163.75,,2019-08-30
689,166.25,165.75,166.25,165.5,,2019-08-29
690,167.0,166.0,167.0,165.5,,2019-08-28
691,166.25,167.0,167.5,165.5,,2019-08-27
692,165.0,166.25,167.0,165.0,,2019-08-26
693,165.5,165.5,166.25,165.25,,2019-08-23
694,165.0,165.75,165.75,164.5,,2019-08-22
695,165.5,165.0,165.75,164.25,,2019-08-21
696,165.75,165.5,166.75,165.0,,2019-08-20
697,166.75,165.75,167.5,165.75,,2019-08-19
698,168.0,168.0,168.5,167.75,,2019-08-16
699,166.75,168.0,168.25,166.5,,2019-08-15
700,167.0,166.75,168.0,166.25,,2019-08-14
701,167.25,166.25,167.75,166.0,,2019-08-13
702,170.0,167.25,171.0,166.75,,2019-08-12
703,169.75,170.5,171.5,169.75,,2019-08-09
704,170.0,170.0,170.75,168.25,,2019-08-08
705,171.25,170.0,171.25,169.5,,2019-08-07
706,172.75,170.75,173.0,170.5,,2019-08-06
707,172.5,172.75,173.25,172.0,,2019-08-05
708,173.25,173.25,173.75,173.0,,2019-08-02
709,175.25,173.0,175.25,173.0,,2019-08-01
710,176.5,174.75,176.75,174.5,,2019-07-31
711,175.5,177.0,177.0,175.25,,2019-07-30
712,175.75,175.75,176.75,175.0,,2019-07-29
713,175.25,175.25,175.75,174.75,,2019-07-26
714,175.0,175.75,176.0,174.5,,2019-07-25
715,174.5,175.25,176.25,174.5,,2019-07-24
716,174.75,174.5,175.0,173.25,,2019-07-23
717,175.5,174.75,175.75,174.5,,2019-07-22
718,175.0,177.0,177.25,174.5,,2019-07-19
719,176.5,174.75,176.5,174.5,,2019-07-18
720,175.75,176.75,177.75,174.75,,2019-07-17
721,176.0,175.5,176.5,175.0,,2019-07-16
722,179.25,176.75,179.25,176.25,,2019-07-15
723,177.5,178.25,179.25,177.0,,2019-07-12
724,173.75,176.75,177.5,173.5,,2019-07-11
725,172.75,173.5,174.0,172.25,,2019-07-10
726,175.5,173.0,175.5,173.0,,2019-07-09
727,179.0,176.75,179.25,176.5,,2019-07-08
728,179.5,178.25,179.5,177.25,,2019-07-05
729,178.75,179.5,179.75,178.5,,2019-07-04
730,176.75,178.5,179.0,176.5,,2019-07-03
731,177.75,177.0,179.0,176.5,,2019-07-02
732,180.0,178.25,180.75,177.75,,2019-07-01
733,182.25,180.25,183.75,179.75,,2019-06-28
734,184.25,182.25,184.75,181.5,,2019-06-27
735,182.75,182.75,184.0,181.25,,2019-06-26
736,184.25,183.5,185.25,182.0,,2019-06-25
737,180.5,183.75,184.0,180.0,,2019-06-24
738,181.0,180.75,181.25,179.0,,2019-06-21
739,178.5,180.0,180.25,177.5,,2019-06-20
740,180.5,179.0,180.75,178.5,,2019-06-19
741,181.75,181.0,182.25,180.5,,2019-06-18
742,182.25,182.75,183.75,181.5,,2019-06-17
743,178.75,180.75,181.25,178.5,,2019-06-14
744,178.25,178.75,180.5,177.0,,2019-06-13
745,177.25,177.25,178.75,176.5,,2019-06-12
746,177.0,177.75,178.5,175.75,,2019-06-11
747,178.25,177.25,178.25,176.75,,2019-06-10
748,178.75,179.0,180.0,178.5,,2019-06-07
749,178.5,179.5,180.0,177.75,,2019-06-06
750,179.75,179.0,180.25,178.5,,2019-06-05
751,184.0,182.5,185.0,182.25,,2019-06-04
752,185.0,185.25,187.75,183.0,,2019-06-03
753,185.5,185.25,186.0,183.25,,2019-05-31
754,181.5,185.25,185.75,179.5,,2019-05-30
755,187.25,184.25,190.0,181.5,,2019-05-29
756,184.75,184.75,185.25,183.0,,2019-05-28
757,179.5,182.0,182.5,179.25,,2019-05-27
758,175.0,178.0,178.25,174.75,,2019-05-24
759,175.25,175.5,177.25,174.75,,2019-05-23
760,175.0,175.0,175.25,173.0,,2019-05-22
761,176.75,176.25,178.25,175.25,,2019-05-21
762,174.75,176.0,176.5,174.75,,2019-05-20
763,174.25,173.75,175.25,173.25,,2019-05-17
764,172.25,173.75,174.0,172.0,,2019-05-16
765,171.5,172.0,172.5,171.0,,2019-05-15
766,170.0,170.5,171.75,169.5,,2019-05-14
767,168.75,168.75,169.0,167.0,,2019-05-13
768,186.0,183.75,186.0,182.75,,2019-05-10
769,184.25,185.25,188.0,184.0,,2019-05-09
770,184.75,184.75,185.0,184.0,,2019-05-08
771,183.25,185.0,185.25,182.5,,2019-05-07
772,183.0,184.0,184.5,182.75,,2019-05-06
773,186.25,185.5,188.25,184.0,,2019-05-03
774,184.0,186.25,187.25,184.0,,2019-05-02
775,183.25,183.25,184.0,183.0,,2019-04-30
776,183.75,184.0,184.25,183.0,,2019-04-29
777,182.0,183.5,183.75,181.75,,2019-04-26
778,181.5,182.0,182.5,181.25,,2019-04-25
779,182.0,181.5,183.0,181.25,,2019-04-24
780,183.0,182.5,183.0,181.5,,2019-04-23
781,184.75,183.5,185.0,183.25,,2019-04-18
782,186.0,185.0,186.75,184.25,,2019-04-17
783,189.0,186.25,189.25,186.0,,2019-04-16
784,189.25,189.0,189.5,188.75,,2019-04-15
785,189.25,189.25,189.75,188.75,,2019-04-12
786,189.0,189.25,189.5,188.5,,2019-04-11
787,189.0,188.5,189.25,188.25,,2019-04-10
788,189.25,189.25,190.0,188.75,,2019-04-09
789,188.75,189.5,190.0,188.5,,2019-04-08
790,188.75,189.25,189.5,188.5,,2019-04-05
791,189.0,189.5,190.25,189.0,,2019-04-04
792,188.0,188.5,189.0,187.75,,2019-04-03
793,187.0,187.25,187.75,186.5,,2019-04-02
794,185.5,187.0,187.5,184.75,,2019-04-01
795,185.75,185.75,186.25,185.25,,2019-03-29
796,185.5,186.0,186.5,185.0,,2019-03-28
797,188.25,186.5,188.5,186.0,,2019-03-27
798,190.0,188.0,191.0,187.5,,2019-03-26
799,189.25,189.5,189.75,188.25,,2019-03-25
800,189.25,189.5,190.75,189.0,,2019-03-22
801,189.25,189.0,189.75,187.5,,2019-03-21
802,189.5,189.0,189.75,188.25,,2019-03-20
803,189.0,189.25,190.0,188.5,,2019-03-19
804,188.75,188.75,189.75,188.25,,2019-03-18
805,186.5,189.25,189.5,186.25,,2019-03-15
806,187.0,187.75,188.5,186.25,,2019-03-14
807,183.75,185.5,186.5,183.25,,2019-03-13
808,181.25,184.25,185.0,181.0,,2019-03-12
809,184.0,184.0,185.0,183.75,,2019-03-11
810,187.75,185.25,188.75,185.25,,2019-03-08
811,191.0,187.5,191.5,187.0,,2019-03-07
812,190.0,191.25,192.0,189.25,,2019-03-06
813,192.0,190.0,192.0,189.5,,2019-03-05
814,192.25,192.25,193.0,191.75,,2019-03-04
815,193.5,191.0,193.5,190.5,,2019-03-01
816,194.0,193.25,195.0,193.0,,2019-02-28
817,193.0,194.0,195.0,191.25,,2019-02-27
818,193.5,191.75,194.25,191.25,,2019-02-26
819,195.5,193.75,196.0,193.25,,2019-02-25
820,194.75,196.0,197.5,194.75,,2019-02-22
821,193.0,195.0,196.0,192.75,,2019-02-21
822,194.0,192.75,194.75,190.0,,2019-02-20
823,194.75,194.25,195.75,194.0,,2019-02-19
824,195.0,195.5,195.5,192.75,,2019-02-18
825,198.75,195.25,199.0,194.75,,2019-02-15
826,201.25,198.25,201.5,198.0,,2019-02-14
827,201.5,201.25,202.25,201.0,,2019-02-13
828,202.0,201.5,202.5,200.5,,2019-02-12
829,203.0,201.75,203.25,201.5,,2019-02-11
830,202.5,203.0,203.75,202.0,,2019-02-08
831,203.25,202.0,203.5,201.75,,2019-02-07
832,204.5,203.5,204.75,203.25,,2019-02-06
833,204.5,204.25,204.75,203.5,,2019-02-05
834,204.0,204.5,205.0,204.0,,2019-02-04
835,204.5,204.0,204.75,203.5,,2019-02-01
836,205.75,204.25,206.0,204.0,,2019-01-31
837,205.75,205.75,206.5,205.25,,2019-01-30
838,205.25,205.75,206.5,204.75,,2019-01-29
839,206.0,205.0,206.25,204.75,,2019-01-28
840,206.75,205.75,206.75,205.0,,2019-01-25
841,206.5,206.5,207.0,205.75,,2019-01-24
842,206.0,205.75,206.75,205.75,,2019-01-23
843,205.0,205.75,206.25,205.0,,2019-01-22
844,204.0,205.0,205.25,204.0,,2019-01-21
845,204.25,204.0,204.75,203.75,,2019-01-18
846,203.0,204.0,204.5,202.75,,2019-01-17
847,203.5,203.0,203.75,202.75,,2019-01-16
848,204.0,203.0,204.25,202.75,,2019-01-15
849,204.25,203.75,204.5,203.5,,2019-01-14
850,204.0,204.75,205.5,203.75,,2019-01-11
851,204.75,203.5,205.0,203.5,,2019-01-10
852,206.5,205.25,207.0,205.0,,2019-01-09
853,205.5,206.0,206.75,205.5,,2019-01-08
854,206.75,205.25,207.0,205.0,,2019-01-07
855,206.25,207.0,207.25,205.75,,2019-01-04
856,203.75,206.0,206.25,203.5,,2019-01-03
857,203.25,204.0,204.25,202.75,,2019-01-02
858,203.25,203.25,203.5,203.0,,2018-12-31
859,203.5,203.5,204.25,203.0,,2018-12-28
860,204.75,203.25,205.0,203.0,,2018-12-27
861,204.25,205.0,205.25,204.25,,2018-12-24
862,206.0,204.5,206.75,204.25,,2018-12-21
863,206.25,206.0,206.75,205.0,,2018-12-20
864,206.5,205.25,206.75,205.25,,2018-12-19
865,207.5,207.25,207.5,206.75,,2018-12-18
866,207.25,207.5,208.25,207.0,,2018-12-17
867,207.5,206.75,208.5,206.25,,2018-12-14
868,207.0,207.5,208.0,206.5,,2018-12-13
869,204.75,206.25,206.75,204.75,,2018-12-12
870,204.0,204.5,205.0,203.75,,2018-12-11
871,204.0,204.0,204.0,204.0,,2018-12-10
872,199.5,202.5,202.5,199.5,,2018-12-07
873,198.75,200.0,200.5,198.5,,2018-12-06
874,200.0,199.0,200.5,198.75,,2018-12-05
875,201.5,200.5,202.25,200.25,,2018-12-04
876,202.0,202.25,203.0,201.25,,2018-12-03
877,199.5,201.25,201.5,199.0,,2018-11-30
878,199.5,199.0,199.75,198.5,,2018-11-29
879,199.0,199.75,199.75,198.5,,2018-11-28
880,199.5,198.75,199.75,198.25,,2018-11-27
881,200.75,199.5,200.75,199.0,,2018-11-26
882,201.0,199.25,201.5,199.0,,2018-11-23
883,199.25,200.75,201.0,199.25,,2018-11-22
884,199.0,199.25,199.25,198.25,,2018-11-21
885,197.25,198.75,199.0,196.75,,2018-11-20
886,199.5,196.75,199.5,196.25,,2018-11-19
887,200.25,199.75,200.5,199.25,,2018-11-16
888,201.25,200.75,201.5,199.75,,2018-11-15
889,201.25,201.0,201.75,200.75,,2018-11-14
890,201.75,201.75,202.25,201.0,,2018-11-13
891,200.25,202.0,202.5,200.25,,2018-11-12
892,199.5,199.5,200.25,199.5,,2018-11-09
893,201.25,200.0,202.0,199.25,,2018-11-08
894,201.25,201.25,201.75,200.5,,2018-11-07
895,200.5,201.25,201.5,200.25,,2018-11-06
896,201.0,200.25,201.25,199.75,,2018-11-05
897,201.0,200.75,201.5,200.0,,2018-11-02
898,198.5,200.75,201.25,198.5,,2018-11-01
899,198.75,198.5,199.0,197.75,,2018-10-31
900,200.25,198.75,200.75,198.5,,2018-10-30
901,203.25,200.5,203.75,200.0,,2018-10-29
902,200.25,202.5,203.0,199.25,,2018-10-26
903,200.25,199.25,200.25,199.0,,2018-10-25
904,200.5,200.5,201.25,200.0,,2018-10-24
905,200.25,201.0,202.0,200.0,,2018-10-23
906,201.0,200.25,201.75,200.25,,2018-10-22
907,201.25,201.25,202.25,201.0,,2018-10-19
908,202.0,201.25,202.5,200.75,,2018-10-18
909,203.25,202.0,203.75,201.75,,2018-10-17
910,205.0,203.25,205.5,203.0,,2018-10-16
911,204.5,204.5,205.0,203.5,,2018-10-15
912,203.5,204.75,205.0,203.0,,2018-10-12
913,202.5,203.5,205.0,202.0,,2018-10-11
914,203.5,202.75,203.75,202.25,,2018-10-10
915,202.75,203.5,204.0,202.25,,2018-10-09
916,203.25,203.0,203.5,202.25,,2018-10-08
917,203.25,203.5,203.75,202.75,,2018-10-05
918,201.75,202.75,203.0,201.25,,2018-10-04
919,202.75,201.25,203.25,200.5,,2018-10-03
920,202.0,200.0,202.25,199.75,,2018-10-02
921,199.75,201.25,201.5,199.5,,2018-10-01
922,200.75,201.5,202.25,199.25,,2018-09-28
923,200.5,200.75,202.5,200.0,,2018-09-27
924,201.75,201.25,202.75,200.5,,2018-09-26
925,202.25,201.0,203.75,200.75,,2018-09-25
926,201.75,203.0,203.5,201.5,,2018-09-24
927,202.25,201.75,203.25,201.25,,2018-09-21
928,201.75,202.5,202.75,201.75,,2018-09-20
929,200.75,202.5,203.0,200.25,,2018-09-19
930,197.75,199.25,200.5,197.75,,2018-09-18
931,199.0,198.0,200.5,197.75,,2018-09-17
932,196.5,197.75,199.25,195.5,,2018-09-14
933,198.25,196.75,198.5,195.75,,2018-09-13
934,202.0,199.5,204.5,198.75,,2018-09-12
935,202.75,201.25,203.5,199.5,,2018-09-11
936,185.0,195.0,195.5,184.25,,2018-09-10
937,201.0,185.0,201.0,183.0,,2018-09-07
938,199.0,202.75,203.0,198.5,,2018-09-06
939,200.5,199.25,202.0,199.25,,2018-09-05
940,202.0,200.0,202.75,199.25,,2018-09-04
941,205.75,204.0,206.5,203.25,,2018-09-03
942,201.75,204.75,205.0,201.5,,2018-08-31
943,206.25,200.25,208.25,199.75,,2018-08-30
944,197.5,202.75,204.25,197.5,,2018-08-29
945,196.75,197.5,199.25,196.75,,2018-08-28
946,200.25,197.0,200.25,196.75,,2018-08-27
947,202.75,200.75,203.75,200.5,,2018-08-24
948,205.0,204.0,205.25,201.5,,2018-08-23
949,203.0,205.0,205.25,200.5,,2018-08-22
950,208.25,204.5,208.25,204.25,,2018-08-21
951,211.25,209.0,211.5,208.0,,2018-08-20
952,207.75,211.5,214.0,207.0,,2018-08-17
953,206.0,208.0,209.25,205.5,,2018-08-16
954,204.5,204.75,205.25,202.75,,2018-08-15
955,205.5,205.5,207.25,203.25,,2018-08-14
956,208.0,204.75,208.75,204.5,,2018-08-13
957,210.5,210.75,214.5,208.25,,2018-08-10
958,214.0,211.0,214.0,210.5,,2018-08-09
959,217.75,214.5,218.5,214.0,,2018-08-08
960,217.0,216.25,219.5,214.5,,2018-08-07
961,212.0,214.75,215.25,210.25,,2018-08-06
962,214.0,211.0,214.25,210.0,,2018-08-03
963,208.5,212.75,219.5,208.5,,2018-08-02
964,202.75,207.25,207.5,202.75,,2018-08-01
965,201.5,202.25,205.75,201.5,,2018-07-31
966,200.75,202.5,203.25,200.0,,2018-07-30
967,199.75,198.25,200.75,197.25,,2018-07-27
968,203.5,198.75,204.75,198.5,,2018-07-26
969,198.0,200.5,201.0,197.0,,2018-07-25
970,192.25,195.5,196.25,190.75,,2018-07-24
971,191.5,193.0,193.25,191.5,,2018-07-23
972,188.5,191.25,191.75,188.5,,2018-07-20
973,185.5,188.0,188.25,185.0,,2018-07-19
974,187.5,186.0,187.75,185.75,,2018-07-18
975,184.5,187.0,187.25,184.25,,2018-07-17
976,183.5,184.0,184.0,182.0,,2018-07-16
977,183.25,183.5,184.5,181.5,,2018-07-13
978,179.5,181.5,183.0,179.0,,2018-07-12
979,179.75,178.75,181.0,178.5,,2018-07-11
980,183.25,180.75,183.25,180.5,,2018-07-10
981,184.75,184.25,185.75,183.75,,2018-07-09
982,186.0,185.25,186.5,184.5,,2018-07-06
983,184.5,186.75,187.0,184.5,,2018-07-05
984,182.5,183.5,184.0,182.5,,2018-07-04
985,181.5,182.5,183.0,180.0,,2018-07-03
986,179.0,180.25,182.75,179.0,,2018-07-02
987,174.75,178.5,179.5,174.0,,2018-06-29
988,174.25,174.0,175.75,173.75,,2018-06-28
989,173.5,174.75,175.25,173.25,,2018-06-27
990,174.25,173.0,174.75,173.0,,2018-06-26
991,174.5,174.0,174.75,173.25,,2018-06-25
992,175.75,176.25,177.0,175.75,,2018-06-22
993,174.0,176.25,177.25,174.0,,2018-06-21
994,173.0,173.75,175.25,172.75,,2018-06-20
995,173.0,171.75,173.25,170.5,,2018-06-19
996,177.0,174.5,177.5,174.25,,2018-06-18
997,179.25,177.5,180.0,177.0,,2018-06-15
998,179.0,180.25,181.5,178.25,,2018-06-14
999,183.25,180.25,183.5,180.0,,2018-06-13
1000,181.25,183.5,183.75,180.25,,2018-06-12
1001,182.25,181.0,183.25,180.75,,2018-06-11
1002,181.0,182.25,184.0,180.5,,2018-06-08
1003,184.5,182.5,185.25,182.25,,2018-06-07
1004,182.25,183.0,185.0,182.0,,2018-06-06
1005,180.25,182.5,183.0,180.25,,2018-06-05
1006,180.25,179.25,181.0,179.0,,2018-06-04
1007,182.0,181.5,183.25,181.25,,2018-06-01
1008,179.5,182.75,184.0,179.5,,2018-05-31
1009,183.25,180.25,183.25,180.0,,2018-05-30
1010,186.25,185.75,187.25,184.25,,2018-05-29
1011,182.5,183.75,184.0,181.75,,2018-05-28
1012,181.0,182.5,183.0,180.5,,2018-05-25
1013,180.25,180.5,182.75,180.0,,2018-05-24
1014,178.5,179.25,179.75,177.75,,2018-05-23
1015,176.75,179.0,179.75,176.5,,2018-05-22
1016,177.5,176.25,178.0,175.5,,2018-05-21
1017,175.25,176.75,177.0,174.5,,2018-05-18
1018,172.75,174.25,174.5,172.5,,2018-05-17
1019,171.25,171.5,172.0,170.75,,2018-05-16
1020,171.0,170.25,171.25,170.0,,2018-05-15
1021,171.25,170.5,171.25,170.0,,2018-05-14
1022,172.5,171.75,172.5,171.5,,2018-05-11
1023,185.0,185.0,185.0,185.0,,2018-05-10
1024,168.75,170.5,171.0,168.0,,2018-05-09
1025,169.0,168.0,169.0,167.75,,2018-05-08
1026,168.75,168.5,169.0,167.5,,2018-05-07
1027,172.0,169.5,172.25,168.75,,2018-05-04
1028,170.5,171.75,172.25,169.5,,2018-05-03
1029,169.5,171.0,171.25,169.5,,2018-05-02
1030,167.25,168.25,168.75,167.25,,2018-04-30
1031,166.25,166.25,167.25,166.0,,2018-04-27
1032,165.0,166.0,166.25,164.75,,2018-04-26
1033,164.25,165.25,165.5,164.0,,2018-04-25
1034,163.0,163.5,163.75,162.5,,2018-04-24
1035,163.25,163.0,163.5,162.75,,2018-04-23
1036,163.75,163.0,164.0,163.0,,2018-04-20
1037,165.0,164.0,165.25,163.75,,2018-04-19
1038,165.25,164.5,165.75,164.25,,2018-04-18
1039,164.0,164.5,165.0,164.0,,2018-04-17
1040,164.5,163.75,164.5,163.25,,2018-04-16
1041,165.25,164.75,165.5,164.5,,2018-04-13
1042,165.5,165.5,166.0,165.25,,2018-04-12
1043,167.5,166.5,167.75,166.0,,2018-04-11
1044,167.5,167.5,168.25,167.0,,2018-04-10
1045,167.75,168.0,168.5,167.25,,2018-04-09
1046,166.25,167.0,167.5,166.0,,2018-04-06
1047,166.5,166.75,167.5,166.5,,2018-04-05
1048,164.5,166.25,166.75,163.5,,2018-04-04
1049,163.75,166.25,166.75,163.5,,2018-04-03
1050,162.75,163.75,164.0,162.5,,2018-03-29
1051,163.0,163.0,163.5,162.75,,2018-03-28
1052,163.0,163.5,163.75,163.0,,2018-03-27
1053,163.0,163.5,163.75,162.5,,2018-03-26
1054,162.75,163.0,163.5,162.5,,2018-03-23
1055,163.0,163.5,164.0,162.75,,2018-03-22
1056,162.75,162.75,163.25,162.0,,2018-03-21
1057,162.5,162.5,162.75,162.0,,2018-03-20
1058,163.5,162.25,163.75,162.25,,2018-03-19
1059,165.5,164.75,165.5,164.25,,2018-03-16
1060,165.5,165.5,166.0,164.0,,2018-03-15
1061,163.5,165.0,165.0,163.5,,2018-03-14
1062,163.5,164.0,165.5,163.5,,2018-03-13
1063,158.5,157.0,158.5,157.0,,2018-03-12
1064,162.5,160.0,164.0,158.75,,2018-03-09
1065,161.25,163.0,163.0,161.0,,2018-03-08
1066,162.0,161.0,162.5,160.75,,2018-03-07
1067,164.0,163.0,164.0,162.25,,2018-03-06
1068,162.5,164.25,165.25,162.5,,2018-03-05
1069,167.0,163.5,167.0,163.0,,2018-03-02
1070,166.5,167.25,167.5,165.0,,2018-03-01
1071,165.0,166.75,167.0,164.75,,2018-02-28
1072,164.25,164.25,164.5,164.0,,2018-02-27
1073,163.25,164.0,164.5,163.25,,2018-02-26
1074,162.0,163.25,163.5,162.0,,2018-02-23
1075,161.0,161.75,162.0,161.0,,2018-02-22
1076,160.0,161.25,161.5,159.5,,2018-02-21
1077,160.75,160.5,161.75,160.25,,2018-02-20
1078,159.75,160.75,161.0,159.75,,2018-02-19
1079,160.0,159.5,160.25,159.25,,2018-02-16
1080,159.25,160.25,160.75,158.5,,2018-02-15
1081,159.75,159.5,160.75,159.25,,2018-02-14
1082,160.5,160.75,161.0,160.25,,2018-02-13
1083,160.0,160.25,160.5,159.75,,2018-02-12
1084,159.0,159.0,159.5,158.5,,2018-02-09
1085,160.25,159.75,160.5,159.5,,2018-02-08
1086,159.0,160.25,160.75,159.0,,2018-02-07
1087,157.75,158.5,158.75,157.0,,2018-02-06
1088,156.25,156.75,157.25,156.0,,2018-02-05
1089,156.25,157.25,157.5,156.0,,2018-02-02
1090,157.5,156.25,157.75,156.0,,2018-02-01
1091,160.0,158.25,160.25,158.0,,2018-01-31
1092,159.75,160.75,161.0,159.5,,2018-01-30
1093,158.5,158.75,160.0,158.5,,2018-01-29
1094,156.5,157.25,157.5,156.5,,2018-01-26
1095,156.25,156.5,156.75,155.5,,2018-01-25
1096,155.25,156.5,156.5,155.25,,2018-01-24
1097,155.25,155.5,156.25,155.0,,2018-01-23
1098,155.75,155.75,156.0,155.25,,2018-01-22
1099,155.75,155.25,155.75,154.75,,2018-01-19
1100,156.0,155.75,156.25,155.5,,2018-01-18
1101,154.5,156.0,156.0,154.0,,2018-01-17
1102,0.0,154.5,0.0,154.5,,2018-01-16
1103,156.5,155.75,156.5,155.75,,2018-01-15
1104,159.0,0.0,159.25,157.0,,2018-01-12
1105,160.75,0.0,161.5,158.75,,2018-01-11
1106,161.25,0.0,161.75,160.75,,2018-01-10
1107,160.75,0.0,161.5,160.75,,2018-01-09
1108,160.0,0.0,161.5,159.75,,2018-01-08
1109,160.25,0.0,161.0,160.0,,2018-01-05
1110,159.75,0.0,160.75,159.75,,2018-01-04
1111,158.5,0.0,160.5,158.5,,2018-01-03
1112,158.75,0.0,159.25,158.25,,2018-01-02
1113,159.25,0.0,159.5,158.75,,2017-12-29
1114,159.5,0.0,159.5,159.0,,2017-12-28
1115,160.25,0.0,160.25,159.25,,2017-12-27
1116,160.25,0.0,161.25,160.25,,2017-12-22
1117,160.75,0.0,160.75,160.0,,2017-12-21
1118,161.0,0.0,161.25,160.5,,2017-12-20
1119,161.25,0.0,161.75,161.0,,2017-12-19
1120,160.75,0.0,161.5,160.25,,2017-12-18
1121,160.0,0.0,160.5,160.0,,2017-12-15
1122,160.75,0.0,160.75,159.75,,2017-12-14
1123,161.0,160.5,161.0,160.25,,2017-12-13
1124,161.0,161.0,161.5,160.25,,2017-12-12
1125,155.0,157.25,157.25,155.0,,2017-12-11
1126,156.0,156.0,158.25,155.5,,2017-12-08
1127,157.0,156.25,157.25,156.0,,2017-12-07
1128,160.0,157.25,160.0,157.0,,2017-12-06
1129,160.75,160.0,160.75,159.25,,2017-12-05
1130,159.75,161.75,162.0,159.75,,2017-12-04
1131,158.75,159.5,159.75,158.0,,2017-12-01
1132,158.5,159.5,159.75,158.0,,2017-11-30
1133,156.75,159.0,159.0,156.75,,2017-11-29
1134,157.25,156.75,157.25,156.5,,2017-11-28
1135,157.5,157.0,157.5,156.75,,2017-11-27
1136,158.25,157.75,158.5,157.5,,2017-11-24
1137,158.5,158.25,158.75,158.0,,2017-11-23
1138,158.25,158.75,159.0,158.25,,2017-11-22
1139,157.5,158.25,158.5,157.25,,2017-11-21
1140,158.25,157.75,158.75,157.75,,2017-11-20
1141,158.75,158.75,159.0,158.25,,2017-11-17
1142,159.5,158.75,159.75,158.75,,2017-11-16
1143,159.5,159.25,159.75,158.75,,2017-11-15
1144,159.5,159.75,160.0,159.25,,2017-11-14
1145,160.25,159.5,160.25,159.5,,2017-11-13
1146,160.5,160.5,161.0,160.0,,2017-11-10
1147,161.5,160.25,161.75,160.25,,2017-11-09
1148,161.75,160.5,162.0,160.5,,2017-11-08
1149,162.75,161.75,163.0,161.75,,2017-11-07
1150,162.75,162.75,163.0,162.0,,2017-11-06
1151,163.0,162.0,163.25,161.25,,2017-11-03
1152,160.25,163.0,163.0,160.0,,2017-11-02
1153,161.75,159.5,162.0,159.25,,2017-11-01
1154,163.25,162.0,163.5,161.25,,2017-10-31
1155,163.0,163.5,163.5,162.5,,2017-10-30
1156,162.75,163.0,163.25,162.75,,2017-10-27
1157,161.5,162.5,162.5,161.25,,2017-10-26
1158,161.5,161.75,162.75,161.5,,2017-10-25
1159,162.0,161.25,162.0,161.25,,2017-10-24
1160,161.25,161.75,162.0,160.5,,2017-10-23
1161,161.5,161.25,162.0,161.0,,2017-10-20
1162,161.5,161.5,162.25,161.0,,2017-10-19
1163,162.25,161.5,162.25,161.25,,2017-10-18
1164,162.25,162.5,163.0,162.25,,2017-10-17
1165,162.75,162.25,163.5,162.0,,2017-10-16
1166,161.5,162.0,162.5,160.5,,2017-10-13
1167,161.75,161.75,162.0,160.5,,2017-10-12
1168,162.5,161.75,162.75,161.0,,2017-10-11
1169,163.5,163.0,163.75,162.75,,2017-10-10
1170,164.75,165.0,165.0,163.75,,2017-10-09
1171,166.5,165.25,166.75,165.0,,2017-10-06
1172,166.0,166.0,166.5,165.5,,2017-10-05
1173,166.75,166.0,167.0,165.75,,2017-10-04
1174,165.5,167.0,167.5,165.25,,2017-10-03
1175,166.0,165.5,166.25,164.75,,2017-10-02
1176,166.0,166.0,167.0,165.75,,2017-09-29
1177,167.0,166.5,167.5,166.25,,2017-09-28
1178,166.0,167.0,167.25,165.5,,2017-09-27
1179,165.75,166.5,168.0,165.75,,2017-09-26
1180,164.25,166.0,166.25,163.75,,2017-09-25
1181,164.75,164.75,165.25,164.25,,2017-09-22
1182,163.5,164.75,164.75,163.25,,2017-09-21
1183,162.25,163.0,163.25,162.0,,2017-09-20
1184,161.75,162.0,163.0,161.25,,2017-09-19
1185,163.25,161.5,163.25,161.25,,2017-09-18
1186,162.5,163.25,163.5,162.0,,2017-09-15
1187,161.75,163.25,163.5,161.75,,2017-09-14
1188,161.25,161.25,162.5,160.75,,2017-09-13
1189,158.75,159.5,161.0,158.75,,2017-09-12
1190,150.0,149.0,150.0,147.0,,2017-09-11
1191,152.5,150.0,153.5,150.0,,2017-09-08
1192,153.0,152.5,154.75,151.5,,2017-09-07
1193,156.0,153.25,156.0,152.0,,2017-09-06
1194,156.25,156.5,156.75,155.25,,2017-09-05
1195,153.5,156.0,156.25,152.75,,2017-09-04
1196,156.25,154.0,157.0,154.0,,2017-09-01
1197,155.25,155.75,156.0,154.75,,2017-08-31
1198,152.75,154.5,154.75,152.75,,2017-08-30
1199,151.5,152.0,152.25,150.75,,2017-08-29
1200,153.75,152.5,153.75,152.0,,2017-08-28
1201,154.75,155.25,156.25,154.5,,2017-08-25
1202,153.5,154.0,154.25,153.5,,2017-08-24
1203,151.75,153.5,154.0,151.25,,2017-08-23
1204,152.25,151.5,153.5,151.25,,2017-08-22
1205,155.25,152.25,155.5,152.0,,2017-08-21
1206,156.25,155.75,156.5,154.75,,2017-08-18
1207,158.5,156.5,159.0,155.0,,2017-08-17
1208,160.0,158.75,160.25,158.25,,2017-08-16
1209,159.0,159.5,160.25,158.25,,2017-08-15
1210,160.0,159.0,160.0,158.0,,2017-08-14
1211,161.0,160.5,161.0,160.0,,2017-08-11
1212,161.75,161.5,164.75,161.25,,2017-08-10
1213,161.75,161.5,161.75,161.0,,2017-08-09
1214,162.75,161.75,163.0,161.5,,2017-08-08
1215,163.5,162.0,163.5,162.0,,2017-08-07
1216,163.25,163.25,164.25,163.0,,2017-08-04
1217,164.25,163.5,164.5,163.25,,2017-08-03
1218,166.0,165.0,166.25,164.75,,2017-08-02
1219,167.5,166.0,167.75,165.75,,2017-08-01
1220,169.25,168.25,169.25,168.0,,2017-07-31
1221,169.0,170.25,170.5,168.75,,2017-07-28
1222,168.5,168.75,169.5,168.25,,2017-07-27
1223,168.0,168.0,169.5,168.0,,2017-07-26
1224,169.25,168.25,170.25,168.0,,2017-07-25
1225,169.5,169.0,169.5,168.5,,2017-07-24
1226,170.0,170.5,171.0,170.0,,2017-07-21
1227,170.5,170.25,171.25,170.0,,2017-07-20
1228,172.5,171.25,172.5,171.0,,2017-07-19
1229,173.75,172.25,174.75,172.0,,2017-07-18
1230,173.0,172.5,174.25,172.25,,2017-07-17
1231,176.5,174.0,177.0,173.25,,2017-07-14
1232,177.25,175.25,177.25,174.5,,2017-07-13
1233,181.5,179.5,181.5,179.0,,2017-07-12
1234,181.0,181.75,182.0,180.0,,2017-07-11
1235,181.75,181.25,183.0,180.75,,2017-07-10
1236,176.75,179.0,179.25,176.25,,2017-07-07
1237,178.75,177.75,179.0,176.5,,2017-07-06
1238,180.25,180.5,183.25,179.25,,2017-07-05
1239,179.75,179.75,180.25,178.75,,2017-07-04
1240,180.0,179.75,182.0,178.75,,2017-07-03
1241,175.25,176.5,178.0,174.75,,2017-06-30
1242,170.25,173.25,173.75,170.0,,2017-06-29
1243,170.0,169.75,170.5,169.0,,2017-06-28
1244,171.75,170.75,171.75,170.5,,2017-06-27
1245,173.25,171.25,173.25,171.0,,2017-06-26
1246,174.75,173.75,175.25,173.5,,2017-06-23
1247,174.75,174.0,175.0,173.75,,2017-06-22
1248,176.5,175.5,176.5,174.75,,2017-06-21
1249,178.5,177.0,180.0,175.75,,2017-06-20
1250,174.25,177.5,177.75,174.25,,2017-06-19
1251,171.25,173.5,173.75,171.25,,2017-06-16
1252,169.75,170.5,170.5,169.0,,2017-06-15
1253,170.5,169.75,171.75,169.25,,2017-06-14
1254,169.0,169.75,170.0,168.75,,2017-06-13
1255,169.25,168.25,169.25,168.0,,2017-06-12
1256,169.5,169.5,170.5,168.25,,2017-06-09
1257,169.0,170.25,170.5,169.0,,2017-06-08
1258,167.25,168.5,169.25,167.0,,2017-06-07
1259,165.75,166.75,167.5,165.25,,2017-06-06
1260,166.5,165.25,166.5,165.0,,2017-06-05
1261,166.25,166.25,166.75,166.0,,2017-06-02
1262,166.75,166.0,167.0,165.75,,2017-06-01
1263,167.25,166.75,167.75,166.75,,2017-05-31
1264,168.25,166.5,168.5,166.25,,2017-05-30
1265,167.75,168.25,168.5,167.75,,2017-05-29
1266,166.75,167.5,168.25,165.75,,2017-05-26
1267,167.0,166.75,167.75,166.75,,2017-05-25
1268,166.5,167.0,167.25,166.5,,2017-05-24
1269,166.5,166.75,167.0,166.0,,2017-05-23
1270,166.5,167.25,167.75,166.5,,2017-05-22
1271,166.0,165.75,166.5,165.5,,2017-05-19
1272,165.75,165.75,166.25,165.5,,2017-05-18
1273,166.5,166.75,167.25,165.75,,2017-05-17
1274,167.25,166.25,167.25,166.0,,2017-05-16
1275,168.75,167.5,169.0,167.5,,2017-05-15
1276,169.75,169.5,170.5,169.25,,2017-05-12
1277,170.25,170.0,170.75,169.5,,2017-05-11
1278,160.0,161.5,164.5,160.0,,2017-05-10
1279,167.75,164.0,167.75,163.0,,2017-05-09
1280,168.5,167.75,168.5,167.5,,2017-05-08
