날짜,종가,오픈,고가,저가,거래량,변동 %
2022-05-06,210.13,215.93,216.47,210.03,-,-2.93%
2022-05-05,216.48,221.43,222.9,216.13,-,-1.96%
2022-05-04,220.8,218.3,221.75,217.9,14.53K,1.31%
2022-05-03,217.95,216.9,220.8,215.4,14.44K,0.73%
2022-05-02,216.38,220.45,220.7,214.75,-,-2.77%
2022-04-29,222.55,217.9,224.4,217.8,14.48K,2.27%
2022-04-28,217.6,216.3,218.15,214.25,14.57K,0.89%
2022-04-27,215.68,219.88,222.38,214.58,-,-2.47%
2022-04-26,221.15,221.45,223.35,219.1,12.53K,0.16%
2022-04-25,220.8,226.4,226.4,221.2,0.04K,-2.86%
2022-04-22,227.3,227.5,229.65,226,0.07K,-0.35%
2022-04-21,228.1,220.5,228.9,217.6,19.22K,3.94%
2022-04-20,219.45,221.95,223.4,218.65,20.82K,-1.01%
2022-04-19,221.7,223.35,225.15,220.1,22.40K,-0.92%
2022-04-18,223.75,223.75,225.75,220.15,15.14K,0.07%
2022-04-14,223.6,225.85,227.7,221,15.62K,-0.64%
2022-04-13,225.05,233.85,235,224.65,25.95K,-3.66%
2022-04-12,233.6,237.4,237.75,232.75,19.66K,-1.27%
2022-04-11,236.6,231.65,237.6,230.95,28.21K,2.14%
2022-04-08,231.65,225.15,233,224.8,34.34K,2.43%
2022-04-07,226.15,229.2,230.25,224.2,29.01K,-0.64%
2022-04-06,227.6,230.95,231.55,225,30.56K,-1.60%
2022-04-05,231.3,231.7,232.25,228.8,20.02K,0.30%
2022-04-04,230.6,227.8,231.85,226.25,20.02K,0.96%
2022-04-01,228.4,226,230.4,224.8,13.42K,0.88%
2022-03-31,226.4,222.05,227.65,220.15,18.05K,2.05%
2022-03-30,221.85,215.55,223.2,213.1,16.24K,2.85%
2022-03-29,215.7,215.25,217.4,214,12.36K,0.54%
2022-03-28,214.55,221.75,222.95,212.5,23.42K,-3.29%
2022-03-25,221.85,222.95,223.2,219.4,9.39K,0.00%
2022-03-24,221.85,225.7,227.1,220.55,11.84K,-1.53%
2022-03-23,225.3,224.2,228.65,223.2,13.00K,0.11%
2022-03-22,225.05,224.9,227.85,223.3,14.17K,-0.35%
2022-03-21,225.85,222.65,222.65,222.65,0.03K,2.52%
2022-03-18,220.3,215.85,220.9,214.38,-,1.38%
2022-03-17,217.3,216,218,216,0.01K,-0.59%
2022-03-16,218.6,214.3,214.3,211.3,0.01K,2.97%
2022-03-15,212.3,211.5,211.5,211.5,0.01K,-3.35%
2022-03-14,219.65,220.5,224.05,218.8,0.03K,-1.48%
2022-03-11,222.95,224.38,225.4,221.23,-,-1.00%
2022-03-10,225.2,230,230,223.85,0.01K,-2.28%
2022-03-09,230.45,235.2,235.55,227.75,-,-1.54%
2022-03-08,234.05,223.2,233.4,223.2,0.01K,3.79%
2022-03-07,225.5,226.35,229.55,225.2,0.01K,0.60%
2022-03-04,224.15,224.25,224.9,223.4,0.01K,0.00%
2022-03-03,224.15,231.55,231.55,224,0.01K,-2.73%
2022-03-02,230.45,235,235,229,0.01K,-2.87%
2022-03-01,237.25,236.95,236.95,236,0.00K,1.28%
2022-02-28,234.25,239.5,239.5,233.95,0.01K,-2.42%
2022-02-25,240.05,243.35,243.35,239.5,0.03K,0.29%
2022-02-24,239.35,248.5,248.5,238.95,0.05K,-3.72%
2022-02-23,248.6,249.5,252.75,248.4,0.03K,0.06%
2022-02-22,248.45,246.7,249.1,244,0.06K,0.65%
2022-02-18,246.85,252.35,252.35,244.3,0.10K,-1.85%
2022-02-17,251.5,252.2,253.6,248.95,1.15K,-0.30%
2022-02-16,252.25,253,254.55,250.05,16.71K,0.16%
2022-02-15,251.85,249.45,252.2,246.95,15.14K,1.74%
2022-02-14,247.55,251.25,253.9,244.8,16.81K,-1.63%
2022-02-11,251.65,254.6,256.8,250.85,24.39K,-1.39%
2022-02-10,255.2,259.1,260.45,253.65,30.10K,-1.22%
2022-02-09,258.35,248.3,259.5,247.9,45.25K,3.78%
2022-02-08,248.95,242,250,241.75,49.90K,3.02%
2022-02-07,241.65,241.6,242.9,239.55,22.86K,-0.08%
2022-02-04,241.85,244.05,244.4,238.1,24.38K,-0.84%
2022-02-03,243.9,239.5,244.3,237.85,25.16K,2.14%
2022-02-02,238.8,237.7,240.35,236.25,17.51K,0.89%
2022-02-01,236.7,235.75,240.85,235.75,27.18K,0.68%
2022-01-31,235.1,235.35,237.7,233.8,18.12K,-0.34%
2022-01-28,235.9,233.05,237.9,230.3,15.33K,1.66%
2022-01-27,232.05,237.25,237.75,231.55,27.59K,-2.87%
2022-01-26,238.9,238.6,241.35,237.25,10.68K,0.42%
2022-01-25,237.9,235,239,234.55,21.34K,2.12%
2022-01-24,232.95,237.45,237.5,230.45,30.85K,-2.08%
2022-01-21,237.9,241.3,242.2,236,21.50K,-2.36%
2022-01-20,243.65,245,245,241,14.34K,-0.33%
2022-01-19,244.45,238.4,245,238.35,17.08K,2.02%
2022-01-18,239.6,239,241.65,237.75,16.81K,-0.02%
2022-01-14,239.65,236.65,240.2,234.7,16.53K,1.12%
2022-01-13,237,241.3,242.65,236.35,19.23K,-1.60%
2022-01-12,240.85,238.25,244.9,238,22.29K,1.60%
2022-01-11,237.05,235.75,238.15,233.55,17.53K,0.92%
2022-01-10,234.9,238.4,239,232.55,21.07K,-1.49%
2022-01-07,238.45,232,240.5,231.35,25.96K,2.91%
2022-01-06,231.7,230.6,232,227.55,13.70K,-0.02%
2022-01-05,231.75,232.05,233.75,230.05,12.33K,0.00%
2022-01-04,231.75,224.75,235.75,223.75,21.91K,3.78%
2022-01-03,223.3,226.15,226.95,220.55,13.65K,-1.24%
2021-12-31,226.1,228.5,228.8,224.1,11.69K,-1.20%
2021-12-30,228.85,229.1,229.65,226.2,8.56K,-0.02%
2021-12-29,228.9,225.6,229.9,225.35,8.39K,1.46%
2021-12-28,225.6,227.9,228.4,225,7.89K,-0.64%
2021-12-27,227.05,229.55,229.85,226.55,7.22K,-1.79%
2021-12-23,231.2,234.75,235.35,229.05,10.78K,-1.01%
2021-12-22,233.55,229.7,235.2,228.1,12.77K,2.32%
2021-12-21,228.25,225.55,229.4,224,14.05K,1.72%
2021-12-20,224.4,232.95,232.95,223.25,-,-4.87%
2021-12-17,235.9,236,237.95,236,0.38K,-0.44%
2021-12-16,236.95,239.62,240.28,233.4,-,-0.19%
2021-12-15,237.4,237.05,237.1,236.8,0.01K,0.11%
2021-12-14,237.15,238.1,238.1,238.1,0.00K,0.19%
2021-12-13,236.7,237.15,237.2,237.15,0.00K,1.72%
2021-12-10,232.7,235,235,235,0.01K,-3.18%
2021-12-09,240.35,243.7,243.7,239.7,0.01K,-1.80%
2021-12-08,244.75,246.75,246.75,246.75,0.00K,0.35%
2021-12-07,243.9,244,244,244,0.00K,-2.52%
2021-12-06,250.2,244.5,250.35,244.5,0.03K,2.52%
2021-12-03,244.05,238.2,244.75,237.15,-,2.78%
2021-12-02,237.45,233.25,236.65,233.25,0.02K,1.39%
2021-12-01,234.2,234,234.45,233.45,0.01K,0.41%
2021-11-30,233.25,231.35,233.25,231.35,0.01K,-0.26%
2021-11-29,233.85,241.2,246.65,231.5,0.04K,-4.10%
2021-11-26,243.85,242.2,245.45,242.15,0.05K,-0.99%
2021-11-24,246.3,240.8,247.55,240,0.09K,1.55%
2021-11-23,242.55,233.85,242.4,233.75,0.09K,4.84%
2021-11-22,231.35,231.4,234.1,228.85,0.05K,-0.84%
2021-11-19,233.3,231,239,227.95,0.40K,1.90%
2021-11-18,228.95,233.5,237.5,227.5,9.36K,-1.57%
2021-11-17,232.6,224.3,233.75,224,13.24K,4.75%
2021-11-16,222.05,223.85,224.65,221.3,11.04K,-0.31%
2021-11-15,222.75,219.45,225.9,217,16.88K,1.39%
2021-11-12,219.7,211.4,221.5,209.25,36.01K,4.17%
2021-11-11,210.9,206.1,212.6,205.4,40.19K,3.38%
2021-11-10,204,206.4,206.6,203.5,30.42K,-0.92%
2021-11-09,205.9,201.2,206.7,198.7,35.05K,3.13%
2021-11-08,199.65,203.6,206.1,199.3,30.48K,-1.92%
2021-11-05,203.55,209.5,209.5,202.3,33.99K,-2.42%
2021-11-04,208.6,209.5,211.4,206,21.76K,-0.33%
2021-11-03,209.3,208.05,212,205.85,21.82K,0.60%
2021-11-02,208.05,208.2,209,204.7,22.68K,-0.31%
2021-11-01,208.7,203.2,209.85,202.2,19.67K,2.33%
2021-10-29,203.95,200.9,204.4,198.65,18.59K,2.00%
2021-10-28,199.95,201,203.2,198.6,19.29K,-0.70%
2021-10-27,201.35,207.3,208.7,199.65,23.30K,-3.24%
2021-10-26,208.1,203.35,210.3,202.3,21.06K,2.74%
2021-10-25,202.55,199.95,203.8,197.25,20.16K,1.35%
2021-10-22,199.85,203.8,206.4,198.4,16.73K,-1.70%
2021-10-21,203.3,205.15,208.65,201.55,26.49K,-1.09%
2021-10-20,205.55,205.2,207,203.5,14.93K,0.64%
2021-10-19,204.25,202.6,205.6,201.7,14.85K,1.31%
2021-10-18,201.6,201.75,204.85,200.55,20.23K,-0.88%
2021-10-15,203.4,209.75,211,202.75,15.70K,-2.80%
2021-10-14,209.25,209.1,212.65,206.3,12.29K,0.29%
2021-10-13,208.65,214.55,214.95,205.8,19.18K,-2.11%
2021-10-12,213.15,204.05,215.15,202.6,24.69K,4.36%
2021-10-11,204.25,199.35,204.85,196.7,12.91K,1.44%
2021-10-08,201.35,200.25,203.35,198.5,17.29K,1.74%
2021-10-07,197.9,195.15,200.25,193.8,21.44K,2.30%
2021-10-06,193.45,192.55,194.95,191.85,11.59K,0.81%
2021-10-05,191.9,200.55,201.15,191.3,26.15K,-4.22%
2021-10-04,200.35,201,206.85,199.65,20.40K,-1.81%
2021-10-01,204.05,194,205.55,192.95,27.90K,5.18%
2021-09-30,194,194.1,196.45,193.5,15.78K,0.31%
2021-09-29,193.4,198.45,199.45,193.25,14.72K,-2.62%
2021-09-28,198.6,194.05,199,192.5,16.73K,2.56%
2021-09-27,193.65,193.6,195.55,191.95,11.58K,-0.36%
2021-09-24,194.35,191.05,195.3,190.6,17.23K,1.97%
2021-09-23,190.6,185.35,191,185.25,16.99K,3.11%
2021-09-22,184.85,183.9,187.5,183.9,12.32K,0.82%
2021-09-21,183.35,183.05,185.55,182.35,14.47K,-0.08%
2021-09-20,183.5,184.6,186,182.08,-,-2.03%
2021-09-17,187.3,185.6,188.15,185.6,0.00K,-0.27%
2021-09-16,187.8,185.55,185.6,185.55,0.00K,0.43%
2021-09-15,187,188,188,188,0.00K,2.19%
2021-09-14,183,186.62,187.82,182.53,-,-0.73%
2021-09-13,184.35,187.18,188.45,185.35,-,-0.67%
2021-09-10,185.6,187.8,189.18,185.8,-,0.32%
2021-09-09,185,185.5,185.5,185.5,0.00K,-1.46%
2021-09-08,187.75,194.4,196.72,188.08,-,-1.96%
2021-09-07,191.5,196.7,197.35,192.38,-,0.50%
2021-09-03,190.55,190.7,190.85,190.7,0.00K,-0.70%
2021-09-02,191.9,195,199.7,192.93,-,-0.67%
2021-09-01,193.2,195.3,195.3,195.3,0.00K,-0.13%
2021-08-31,193.45,193.15,193.2,193.15,0.00K,-2.00%
2021-08-30,197.4,190.55,196.5,190.55,0.03K,4.17%
2021-08-27,189.5,186.05,189.6,186.05,0.02K,2.07%
2021-08-26,185.65,184,184.9,184,0.01K,0.87%
2021-08-25,184.05,185.35,185.35,183.9,0.04K,0.41%
2021-08-24,183.3,180.2,184.25,180.2,0.04K,1.86%
2021-08-23,179.95,177.45,180.45,177.2,0.27K,0.95%
2021-08-20,178.25,178.3,179.7,175.05,15.45K,0.03%
2021-08-19,178.2,179.15,179.15,175.2,13.01K,-0.83%
2021-08-18,179.7,178.65,181.15,177.6,8.91K,0.42%
2021-08-17,178.95,184.2,184.25,178.3,15.80K,-2.32%
2021-08-16,183.2,181.95,186.25,179.75,15.36K,0.25%
2021-08-13,182.75,185.95,187.35,181.2,24.80K,-2.04%
2021-08-12,186.55,184.7,186.9,182.85,39.09K,1.47%
2021-08-11,183.85,181,185.3,179.8,29.47K,1.02%
2021-08-10,182,179.5,182.25,177.55,29.06K,1.48%
2021-08-09,179.35,174.8,180.6,172.45,22.41K,1.90%
2021-08-06,176,177.8,177.8,173.55,21.24K,-0.51%
2021-08-05,176.9,175.65,177.65,173.3,17.21K,0.71%
2021-08-04,175.65,176.25,178.65,173.9,18.87K,0.46%
2021-08-03,174.85,172.8,177.7,172.05,18.66K,1.19%
2021-08-02,172.8,179.35,179.35,171.6,37.34K,-3.76%
2021-07-30,179.55,200,201.75,178.6,31.47K,-8.63%
2021-07-29,196.5,201.8,203.5,190.25,29.96K,-1.97%
2021-07-28,200.45,204.05,205.35,195.2,28.23K,-0.64%
2021-07-27,201.75,206.3,209.6,199.55,27.48K,-2.91%
2021-07-26,207.8,199.5,215.2,199,37.32K,9.95%
2021-07-23,189,205.1,209.5,187.2,41.11K,-2.40%
2021-07-22,193.65,180,195.5,180,44.99K,10.03%
2021-07-21,176,167.1,177.9,166.55,34.76K,6.25%
2021-07-20,165.65,160.9,168.35,160.43,-,6.70%
2021-07-19,155.25,159.5,159.5,155.6,0.01K,-3.69%
2021-07-16,161.2,157.72,161.97,157.72,-,2.74%
2021-07-15,156.9,155.9,157.75,155.9,0.04K,0.29%
2021-07-14,156.45,154.55,154.55,152.9,0.00K,2.86%
2021-07-13,152.1,152.2,152.2,152.1,0.01K,-1.14%
2021-07-12,153.85,153.4,153.85,153.4,0.02K,1.69%
2021-07-09,151.3,149.6,150.8,149.6,0.00K,-0.49%
2021-07-08,152.05,149.3,149.3,149.3,0.00K,1.54%
2021-07-07,149.75,148.72,152.3,148.72,-,1.25%
2021-07-06,147.9,153.25,153.25,149.35,0.03K,-3.05%
2021-07-02,152.55,154.65,154.65,153.75,0.01K,-2.21%
2021-07-01,156,162.1,162.1,154,0.04K,-2.10%
2021-06-30,159.35,158.4,159,158.05,0.04K,-0.22%
2021-06-29,159.7,162.7,162.75,159.5,0.04K,-1.57%
2021-06-28,162.25,158.5,163.2,157.7,0.04K,3.18%
2021-06-25,157.25,154.75,157.3,154.75,0.06K,3.18%
2021-06-24,152.4,152.25,153.4,151.5,0.06K,-0.49%
2021-06-23,153.15,152.15,152.6,151.9,0.16K,1.26%
2021-06-22,151.25,153.7,153.85,150.25,0.31K,-0.72%
2021-06-21,152.35,149.05,153.95,147.1,5.28K,1.63%
2021-06-18,149.9,149.65,151,147.05,10.93K,0.23%
2021-06-17,149.55,152.55,152.65,148.8,9.83K,-2.48%
2021-06-16,153.35,151.8,154.3,151.3,11.29K,1.42%
2021-06-15,151.2,154.3,154.75,150.75,19.01K,-1.88%
2021-06-14,154.1,156.6,156.6,151.55,25.27K,-2.13%
2021-06-11,157.45,159.6,160.7,157.2,32.76K,-0.79%
2021-06-10,158.7,158.05,159.3,156.65,34.67K,0.95%
2021-06-09,157.2,157.7,159.6,155.85,27.10K,-0.32%
2021-06-08,157.7,160.3,161.95,157.2,30.12K,-1.53%
2021-06-07,160.15,161.8,163.6,158.9,31.18K,-0.93%
2021-06-04,161.65,157.85,162,155.2,26.82K,2.57%
2021-06-03,157.6,160.9,162.1,156.1,25.91K,-2.20%
2021-06-02,161.15,161.7,165.35,160.3,18.95K,0.06%
2021-06-01,161.05,162,166.75,159.3,32.56K,-0.80%
2021-05-28,162.35,156.35,163.15,156.35,30.13K,4.51%
2021-05-27,155.35,156.55,157.25,154.55,18.91K,-0.22%
2021-05-26,155.7,150.4,156.75,150.15,22.60K,3.46%
2021-05-25,150.5,150.5,152,148.9,15.43K,1.01%
2021-05-24,149,149.6,150.45,147.45,11.46K,-0.73%
2021-05-21,150.1,150.35,152.9,148.5,11.43K,-0.56%
2021-05-20,150.95,151.15,153.65,150.4,14.91K,0.00%
2021-05-19,150.95,152.8,153.3,149.25,16.27K,-0.56%
2021-05-18,151.8,147.15,147.15,147.15,0.00K,4.69%
2021-05-17,145,146,146,146,0.01K,0.52%
2021-05-14,144.25,146.6,147.75,144.73,-,-0.96%
2021-05-13,145.65,145.78,147.88,143.88,-,-0.07%
2021-05-12,145.75,147.65,147.65,147.65,0.00K,-1.45%
2021-05-11,147.9,149.2,149.2,147.05,0.04K,0.20%
2021-05-10,147.6,153,153,148.35,0.01K,-3.09%
2021-05-07,152.3,152,152,150.95,0.00K,-0.78%
2021-05-06,153.5,149,149.5,149,0.00K,3.37%
2021-05-05,148.5,142.95,143.4,142.95,0.00K,6.91%
2021-05-04,138.9,139.35,139.35,139,0.01K,0.11%
2021-05-03,138.75,139.9,140.35,138.85,0.02K,-0.86%
2021-04-30,139.95,143.9,143.9,143.9,0.01K,-1.03%
2021-04-29,141.4,145.8,145.8,141.35,0.02K,-2.01%
2021-04-28,144.3,144,144.95,142.4,0.01K,-0.03%
2021-04-27,144.35,142.45,144.5,142.45,0.01K,1.83%
2021-04-26,141.75,136.65,142.35,136.5,0.03K,3.58%
2021-04-23,136.85,134.85,138.5,134.85,0.06K,1.90%
2021-04-22,134.3,132.9,134.5,130,0.24K,1.59%
2021-04-21,132.2,132.65,133.35,130.65,11.57K,-0.19%
2021-04-20,132.45,130.05,132.95,129.9,11.45K,2.00%
2021-04-19,129.85,129.4,131.55,129.05,9.48K,0.54%
2021-04-16,129.15,132.9,133.45,128.85,11.39K,-2.68%
2021-04-15,132.7,132.05,133,130.9,16.69K,0.45%
2021-04-14,132.1,130.25,133.15,130.2,18.26K,1.58%
2021-04-13,130.05,128.1,131.1,126.8,26.33K,1.52%
2021-04-12,128.1,127,129.1,125.75,23.95K,0.67%
2021-04-09,127.25,127.9,128.85,127,26.96K,-0.47%
2021-04-08,127.85,127,128.7,126.75,28.83K,0.87%
2021-04-07,126.75,126.9,128,125.45,22.70K,-0.08%
2021-04-06,126.85,122.5,127.3,121.35,31.61K,3.89%
2021-04-05,122.1,121.4,122.9,120.55,16.09K,0.41%
2021-04-01,121.6,124.95,125.45,120.75,23.92K,-1.54%
2021-03-31,123.5,123,124.75,120.5,30.04K,0.73%
2021-03-30,122.6,126.55,127.05,122.45,26.45K,-3.50%
2021-03-29,127.05,128.35,128.4,126.2,14.23K,-1.13%
2021-03-26,128.5,127.1,129.6,127.1,16.76K,1.50%
2021-03-25,126.6,127,127.55,125.2,19.49K,0.08%
2021-03-24,126.5,128.2,128.8,126.5,19.14K,-0.86%
2021-03-23,127.6,130.1,130.6,127.45,15.77K,-1.92%
2021-03-22,130.1,129,130.45,126.9,17.09K,3.71%
2021-03-19,125.45,130.07,131.38,128.25,-,-0.75%
2021-03-18,126.4,133.7,134.4,128.6,0.01K,-4.86%
2021-03-17,132.85,132.5,132.5,132.5,0.00K,-0.71%
2021-03-16,133.8,131.5,131.5,130,0.01K,1.79%
2021-03-15,131.45,132.6,132.6,130,0.00K,-0.76%
2021-03-12,132.45,132.3,133.45,131.05,-,0.49%
2021-03-11,131.8,131.9,131.9,131.9,0.00K,1.89%
2021-03-10,129.35,129.15,129.15,128.8,0.00K,0.35%
2021-03-09,128.9,129.55,129.55,129.55,0.00K,-0.12%
2021-03-08,129.05,128.15,130.95,128.03,-,0.23%
2021-03-05,128.75,131.05,131.05,128.45,0.01K,0.27%
2021-03-04,128.4,128.25,128.25,128.25,0.00K,-2.10%
2021-03-03,131.15,133.75,133.75,130,0.02K,-1.54%
2021-03-02,133.2,136.15,134.65,132,0.01K,-1.44%
2021-03-01,135.15,138.45,138.45,132.6,0.04K,-1.24%
2021-02-26,136.85,139,139,138.4,0.04K,-1.69%
2021-02-25,139.2,136.25,139.3,136.25,0.02K,2.62%
2021-02-24,135.65,137,137.75,136.95,0.11K,-0.88%
2021-02-23,136.85,133.25,136.75,132.85,0.08K,2.55%
2021-02-22,133.45,127,134.1,126.2,0.04K,4.67%
2021-02-19,127.5,127.6,127.75,126.7,0.15K,-0.08%
2021-02-18,127.6,125.9,127.75,125.9,0.29K,1.51%
2021-02-17,125.7,125,125.9,123.35,12.95K,1.09%
2021-02-16,124.35,121.4,124.9,121.15,18.37K,2.64%
2021-02-12,121.15,120.9,122.35,120.25,12.31K,-0.04%
2021-02-11,121.2,121.05,121.75,120.5,24.07K,0.08%
2021-02-10,121.1,122.95,123.55,120.25,35.88K,-1.50%
2021-02-09,122.95,124.05,124.3,122.5,22.92K,-0.93%
2021-02-08,124.1,124.2,124.8,123.3,24.45K,-0.32%
2021-02-05,124.5,124.65,125.85,123.8,25.38K,0.36%
2021-02-04,124.05,124.5,124.7,120.2,32.47K,0.08%
2021-02-03,123.95,123.1,124.85,122.7,14.37K,0.45%
2021-02-02,123.4,125.45,126.1,122.7,18.53K,-1.56%
2021-02-01,125.35,122.65,127.3,122.45,24.53K,1.95%
2021-01-29,122.95,124.15,124.7,122.05,20.13K,-0.85%
2021-01-28,124,125.5,126.9,123.55,16.58K,-1.20%
2021-01-27,125.5,124.55,126.15,123.1,16.06K,0.80%
2021-01-26,124.5,123.4,125.9,123.25,16.23K,1.01%
2021-01-25,123.25,123,124.95,122.15,18.32K,-0.64%
2021-01-22,124.05,125.7,126.3,122.85,18.27K,-1.90%
2021-01-21,126.45,125.8,127.3,124.75,13.90K,1.00%
2021-01-20,125.2,126.55,127.05,123.4,19.72K,-1.53%
2021-01-19,127.15,126,128.75,124.65,19.44K,-0.78%
2021-01-15,128.15,127.35,131.75,126.8,31.92K,0.63%
2021-01-14,127.35,125.45,127.9,123.25,22.08K,1.68%
2021-01-13,125.25,121.4,126,121.4,22.18K,3.17%
2021-01-12,121.4,121,122.7,120.1,16.09K,-0.04%
2021-01-11,121.45,122.3,123.2,118.75,21.76K,-1.82%
2021-01-08,123.7,120.3,124.05,119.2,23.80K,2.15%
2021-01-07,121.1,121,122.75,119.35,17.99K,0.17%
2021-01-06,120.9,125.1,125.55,120.6,27.25K,-3.36%
2021-01-05,125.1,125.95,126.55,122.3,22.17K,-0.83%
2021-01-04,126.15,128.4,129.4,125.25,21.81K,-1.64%
2020-12-31,128.25,125.7,129,125.6,15.66K,2.27%
2020-12-30,125.4,125.3,126.75,124.65,10.92K,0.00%
2020-12-29,125.4,123.95,125.9,123.2,11.05K,1.66%
2020-12-28,123.35,125.75,126.5,121.5,13.62K,-2.06%
2020-12-24,125.95,124.5,127.65,124.5,8.99K,1.12%
2020-12-23,124.55,124.05,125.95,123.9,10.04K,0.28%
2020-12-22,124.2,123.9,126.6,122.9,15.06K,-0.08%
2020-12-21,124.3,124.25,125.45,120.4,19.30K,0.49%
2020-12-18,123.7,126.3,127.8,123.68,-,-1.08%
2020-12-17,125.05,126.3,126.3,125,0.00K,0.00%
2020-12-16,125.05,126,126,126,0.03K,1.58%
2020-12-15,123.1,124.55,124.55,124.55,0.01K,-0.36%
2020-12-14,123.55,122.5,123.85,122.5,0.00K,3.74%
2020-12-11,119.1,119,119,118.8,0.00K,0.46%
2020-12-10,118.55,117.05,121.83,116.9,-,3.18%
2020-12-09,114.9,115.1,115.1,115.1,0.00K,-1.88%
2020-12-08,117.1,119.68,120.35,118.38,-,0.13%
2020-12-07,116.95,114.75,114.75,114.75,0.00K,1.39%
2020-12-04,115.35,116.8,116.8,115.4,0.01K,-1.95%
2020-12-03,117.65,120,121,118.68,-,0.68%
2020-12-02,116.85,116,116,116,0.04K,1.04%
2020-12-01,115.65,120.2,120.2,116.1,0.12K,-4.18%
2020-11-30,120.7,121.35,121.4,118.9,0.05K,-0.82%
2020-11-27,121.7,119,119.7,118.65,0.17K,6.29%
2020-11-25,114.5,114.35,115.15,114.05,0.04K,1.19%
2020-11-24,113.15,114.5,114.65,113.05,0.02K,-1.14%
2020-11-23,114.45,116.65,116.65,114.35,0.04K,-0.91%
2020-11-20,115.5,120.55,121.2,114.5,0.11K,-4.27%
2020-11-19,120.65,119.8,121,118.65,0.20K,0.75%
2020-11-18,119.75,116.5,121.1,116.35,11.87K,3.06%
2020-11-17,116.2,115.95,116.65,114.2,15.95K,0.48%
2020-11-16,115.65,109.95,116.2,109.8,12.89K,5.86%
2020-11-13,109.25,110.15,110.55,108.65,11.22K,-0.77%
2020-11-12,110.1,109.35,110.7,108.75,27.57K,0.92%
2020-11-11,109.1,108,110.55,107.8,25.50K,1.68%
2020-11-10,107.3,106.75,107.65,105.35,28.67K,0.42%
2020-11-09,106.85,107.35,109.35,106.35,26.29K,-0.09%
2020-11-06,106.95,106.55,108,105.95,18.75K,0.94%
2020-11-05,105.95,103.9,106.8,103.55,29.47K,2.86%
2020-11-04,103,103.65,103.95,102.15,18.07K,-0.43%
2020-11-03,103.45,102.8,106.25,102.75,24.08K,0.63%
2020-11-02,102.8,103.9,104.9,102.35,18.61K,-1.53%
2020-10-30,104.4,104.55,105.8,103.7,18.95K,-0.19%
2020-10-29,104.6,105,105.2,102.95,16.29K,-0.38%
2020-10-28,105,106.45,106.65,104.65,15.33K,-1.82%
2020-10-27,106.95,106.75,108.2,106.15,16.38K,0.28%
2020-10-26,106.65,104.8,107.15,104.3,14.41K,0.99%
2020-10-23,105.6,106.4,107,104.75,12.00K,-1.03%
2020-10-22,106.7,103.7,107.45,103.2,22.41K,2.45%
2020-10-21,104.15,104.8,106.85,103.35,15.76K,-0.71%
2020-10-20,104.9,107.05,107.25,104,17.97K,-1.08%
2020-10-19,106.05,106.55,108.65,105.6,16.87K,-1.12%
2020-10-16,107.25,109.65,111.1,106.85,14.72K,-2.05%
2020-10-15,109.5,109.55,111.35,106.5,22.36K,-0.09%
2020-10-14,109.6,110.05,111.7,109.2,14.05K,-0.45%
2020-10-13,110.1,109.3,111.15,108.7,14.79K,0.87%
2020-10-12,109.15,111,113.35,108.55,15.91K,-2.15%
2020-10-09,111.55,110.25,112.45,110.25,15.76K,1.18%
2020-10-08,110.25,110.15,112.15,107.9,18.26K,0.59%
2020-10-07,109.6,107.7,111,106.2,20.42K,1.81%
2020-10-06,107.65,107.5,109.4,107.1,15.26K,0.42%
2020-10-05,107.2,108.65,109.7,106.6,19.94K,-1.61%
2020-10-02,108.95,106.5,110,104.9,23.16K,1.77%
2020-10-01,107.05,110.95,111.6,106.4,27.64K,-3.52%
2020-09-30,110.95,110.25,112.75,109.4,21.06K,1.28%
2020-09-29,109.55,109.1,110.4,108.3,21.16K,0.00%
2020-09-28,109.55,113.8,114.75,108.7,21.45K,-3.61%
2020-09-25,113.65,111.75,114.3,110.85,18.24K,2.25%
2020-09-24,111.15,110.75,112.1,110.25,17.43K,0.59%
2020-09-23,110.5,110.8,112.6,109.05,24.43K,-0.14%
2020-09-22,110.65,112.55,114.8,110.35,22.53K,-1.21%
2020-09-21,112,113,113.45,110.8,32.47K,-1.41%
2020-09-18,113.6,118.35,118.35,115.75,0.00K,-3.81%
2020-09-17,118.1,119.9,119.9,118.7,0.02K,-2.03%
2020-09-16,120.55,123.85,123.85,120.7,0.01K,-1.35%
2020-09-15,122.2,122.38,122.97,115.85,-,-1.09%
2020-09-14,123.55,128.15,128.65,124.15,0.12K,-7.35%
2020-09-11,133.35,130.65,132.55,129.38,-,0.64%
2020-09-10,132.5,127.73,133.45,127.7,-,2.20%
2020-09-09,129.65,131.15,131.4,130.4,0.02K,-2.37%
2020-09-08,132.8,129,129.55,128.25,0.02K,-1.48%
2020-09-04,134.8,131.2,134.5,131.2,0.05K,2.43%
2020-09-03,131.6,131.3,131.3,131,0.01K,0.08%
2020-09-02,131.5,130.95,131.05,130,0.04K,-0.30%
2020-09-01,131.9,132.25,132.3,130.8,0.02K,1.62%
2020-08-31,129.8,129.05,130.8,127.15,0.06K,2.12%
2020-08-28,127.1,123.6,127.1,123.6,0.05K,3.38%
2020-08-27,122.95,121.35,123.25,121,0.01K,0.12%
2020-08-26,122.8,125.5,127.6,122,0.07K,-0.32%
2020-08-25,123.2,120.5,123.8,120,0.06K,2.45%
2020-08-24,120.25,120.4,122.6,119.45,0.12K,0.12%
2020-08-21,120.1,119.65,120.4,116.5,0.25K,1.31%
2020-08-20,118.55,118,119.95,117,7.09K,0.08%
2020-08-19,118.45,119.5,122.2,116.75,9.25K,-0.71%
2020-08-18,119.3,115.65,119.75,115.65,7.20K,3.25%
2020-08-17,115.55,114.6,115.65,112.7,7.00K,0.74%
2020-08-14,114.7,116.65,119.2,114.45,15.52K,-1.29%
2020-08-13,116.2,112.4,117.15,111.15,20.87K,3.70%
2020-08-12,112.05,111.35,113.8,110.35,22.67K,0.63%
2020-08-11,111.35,112,112.55,109.7,28.55K,-1.11%
2020-08-10,112.6,115.05,117.15,111.6,22.72K,-2.47%
2020-08-07,115.45,117.3,118.8,113.6,29.39K,-1.32%
2020-08-06,117,122,124.2,116.45,28.50K,-3.74%
2020-08-05,121.55,120.75,127.25,120.45,36.84K,0.41%
2020-08-04,121.05,116.9,121.25,116.65,29.41K,2.67%
2020-08-03,117.9,118.2,119.7,115.65,28.19K,-0.88%
2020-07-31,118.95,116.4,119.4,115.2,34.77K,3.12%
2020-07-30,115.35,112.45,117.4,112.2,34.13K,3.36%
2020-07-29,111.6,109.4,112.6,109.3,24.21K,1.78%
2020-07-28,109.65,110.35,111.35,108.35,18.62K,-0.68%
2020-07-27,110.4,107.9,110.75,107.4,25.74K,1.85%
2020-07-24,108.4,106.95,109.1,106.35,22.54K,0.84%
2020-07-23,107.5,108.1,109.3,106.15,24.99K,-0.78%
2020-07-22,108.35,101.75,108.75,101.25,32.83K,7.81%
2020-07-21,100.5,99.53,101.9,99.53,-,2.03%
2020-07-20,98.5,101.58,102.85,99.08,-,-2.52%
2020-07-17,101.05,98.45,102.5,98.45,-,4.07%
2020-07-16,97.1,96.9,98.8,96.78,-,1.20%
2020-07-15,95.95,98.03,98.2,96.33,-,-0.78%
2020-07-14,96.7,98.65,98.7,96.83,-,-0.72%
2020-07-13,97.4,97.03,98.88,96.58,-,1.30%
2020-07-10,96.15,96.8,96.95,95.45,0.00K,-1.59%
2020-07-09,97.7,100.03,100.8,98.33,-,-1.26%
2020-07-08,98.95,100.48,102.23,99.63,-,-0.30%
2020-07-07,99.25,97.88,100.7,97.35,-,2.11%
2020-07-06,97.2,97.35,97.35,97.35,0.05K,-4.94%
2020-07-02,102.25,104.38,104.6,102.53,-,-0.78%
2020-07-01,103.05,102.8,102.8,102.05,0.00K,3.00%
2020-06-30,100.05,100.35,100.35,99.5,0.01K,1.42%
2020-06-29,98.65,100.45,101.45,98.45,0.02K,3.14%
2020-06-26,95.65,95.6,95.6,93.45,0.02K,0.84%
2020-06-25,94.85,96.65,97.1,94.55,0.05K,-1.86%
2020-06-24,96.65,96.25,97.1,96.25,0.03K,0.42%
2020-06-23,96.25,96.25,97.55,95.75,0.03K,0.31%
2020-06-22,95.95,94.05,96.1,94,0.27K,2.35%
2020-06-19,93.75,94.3,95.3,93.45,15.82K,-0.90%
2020-06-18,94.6,97,97.05,94.4,16.44K,-1.71%
2020-06-17,96.25,93.25,96.8,93.15,12.23K,2.78%
2020-06-16,93.65,94.65,95.45,92.75,11.58K,-0.37%
2020-06-15,94,94.2,95.25,92.7,22.02K,-1.26%
2020-06-12,95.2,96.35,97.8,94.9,18.28K,-0.83%
2020-06-11,96,96.2,97.65,94.6,27.28K,-0.78%
2020-06-10,96.75,97.9,98.65,96.4,24.68K,-1.07%
2020-06-09,97.8,99.2,99.45,97.25,22.76K,-1.11%
2020-06-08,98.9,99.25,99.65,97.55,26.56K,0.00%
2020-06-05,98.9,98.55,99.75,97.05,16.82K,0.76%
2020-06-04,98.15,98.9,98.95,96.25,13.95K,-0.96%
2020-06-03,99.1,98.5,100.75,97.9,16.88K,0.92%
2020-06-02,98.2,98.45,99.7,97.35,17.76K,-0.10%
2020-06-01,98.3,95.85,99,94.8,26.97K,2.08%
2020-05-29,96.3,99.2,100.05,95.85,23.80K,-2.83%
2020-05-28,99.1,102.3,102.55,98.55,21.07K,-3.32%
2020-05-27,102.5,105.15,106,101.45,20.95K,-2.47%
2020-05-26,105.1,104.65,107.1,104.2,18.35K,1.45%
2020-05-22,103.6,104.75,105.15,102.35,18.54K,-1.10%
2020-05-21,104.75,105.75,106.75,104.2,19.21K,-0.85%
2020-05-20,105.65,106.75,107.65,105.3,12.40K,-1.31%
2020-05-19,107.05,107.5,108.7,106.3,11.52K,1.28%
2020-05-18,105.7,106.65,108.08,105.03,-,0.86%
2020-05-15,104.8,105,105,105,0.00K,-0.10%
2020-05-14,104.9,105.35,105.35,105.35,0.00K,1.30%
2020-05-13,103.55,104.5,104.5,103.65,0.06K,-1.94%
2020-05-12,105.6,107.75,107.75,107.75,0.00K,-3.07%
2020-05-11,108.95,108.2,108.2,108.2,0.01K,-1.04%
2020-05-08,110.1,108.25,109.4,108.25,0.00K,2.47%
2020-05-07,107.45,107,107,104.6,0.00K,-1.74%
2020-05-06,109.35,107.8,109.15,107.75,0.01K,0.46%
2020-05-05,108.85,108.3,108.3,108.3,0.05K,3.13%
2020-05-04,105.55,103.9,103.9,103.4,0.00K,1.05%
2020-05-01,104.45,104.25,104.25,103.7,0.00K,-0.19%
2020-04-30,104.65,103.75,104.1,102.65,0.01K,0.96%
2020-04-29,103.65,104.05,104.1,103.5,0.02K,-1.94%
2020-04-28,105.7,106.65,108.95,105.95,-,1.05%
2020-04-27,104.6,107,107,104.3,0.03K,-0.57%
2020-04-24,105.2,109.45,109.45,105,0.04K,-5.27%
2020-04-23,111.05,112,113.6,110.65,0.04K,0.41%
2020-04-22,110.6,109.65,112.1,109.65,0.12K,0.87%
2020-04-21,109.65,113,113.55,109.35,8.79K,-3.52%
2020-04-20,113.65,116.3,116.75,113.05,5.97K,-2.07%
2020-04-17,116.05,118.3,119.6,115.7,10.69K,-2.15%
2020-04-16,118.6,119.85,120.85,117.9,7.04K,-1.33%
2020-04-15,120.2,117,121.2,114.6,9.06K,2.56%
2020-04-14,117.2,119.9,120.35,115.75,14.62K,-2.13%
2020-04-13,119.75,118.95,120.6,116.6,14.23K,0.97%
2020-04-09,118.6,120,122,116.9,21.97K,-1.00%
2020-04-08,119.8,120,120.75,118.05,20.57K,-0.08%
2020-04-07,119.9,117.05,120.9,117,22.94K,2.79%
2020-04-06,116.65,114.85,117.8,112.4,18.79K,1.52%
2020-04-03,114.9,118.55,119.2,114.3,15.08K,-3.73%
2020-04-02,119.35,116.85,120.1,116.6,17.22K,2.89%
2020-04-01,116,117.75,119,114.1,17.25K,-2.97%
2020-03-31,119.55,118.65,120.4,116.4,14.19K,0.21%
2020-03-30,119.3,116.2,120.85,116.2,14.43K,2.98%
2020-03-27,115.85,123.35,123.35,115.65,19.52K,-7.06%
2020-03-26,124.65,128.4,130.65,124.05,17.98K,-4.08%
2020-03-25,129.95,126.2,130.4,122.35,25.57K,3.46%
2020-03-24,125.6,121.45,126.05,120.8,21.15K,3.59%
2020-03-23,121.25,120.65,124.9,116.6,26.99K,1.29%
2020-03-20,119.7,114,120.05,114,24.83K,2.61%
2020-03-19,116.65,114.15,114.15,111.5,0.04K,7.96%
2020-03-18,108.05,108.2,108.2,108.2,0.02K,5.00%
2020-03-17,102.9,104.4,104.4,102.8,0.01K,-0.96%
2020-03-16,103.9,107.05,107.05,104.85,0.00K,-2.94%
2020-03-13,107.05,111.15,111.35,107.5,0.06K,-1.92%
2020-03-12,109.15,109.23,110.5,107.43,-,-2.15%
2020-03-11,111.55,114.3,116.08,111.53,-,-2.36%
2020-03-10,114.25,111.3,114.45,111.3,0.09K,4.86%
2020-03-09,108.95,103.7,109.65,103.7,0.04K,3.17%
2020-03-06,105.6,105.6,106.2,105.6,0.04K,-3.87%
2020-03-05,109.85,115,115.45,115,0.08K,-6.23%
2020-03-04,117.15,118.85,118.85,118.85,0.06K,-3.22%
2020-03-03,121.05,118.7,120.75,118.3,0.12K,5.58%
2020-03-02,114.65,112.75,113.7,112.75,0.02K,4.13%
2020-02-28,110.1,107.75,109.95,107.75,0.11K,1.76%
2020-02-27,108.2,109.9,110.8,107.8,0.41K,-0.82%
2020-02-26,109.1,105.35,109.35,105.35,0.02K,1.87%
2020-02-25,107.1,106.45,107.7,103.9,0.10K,1.13%
2020-02-24,105.9,105.45,107.05,102.9,0.88K,-2.71%
2020-02-21,108.85,104.6,109.7,104.6,0.03K,5.07%
2020-02-20,103.6,107.05,107.05,104,0.72K,-3.00%
2020-02-19,106.8,106.3,107.75,105.5,17.06K,0.23%
2020-02-18,106.55,109.7,111.5,104.4,14.62K,-2.34%
2020-02-14,109.1,104.15,109.4,103.65,9.66K,4.45%
2020-02-13,104.45,100.5,104.65,99.95,28.56K,3.78%
2020-02-12,100.65,101,102.3,100,36.21K,0.15%
2020-02-11,100.5,100.65,101.2,99.5,36.36K,0.20%
2020-02-10,100.3,98.55,100.7,98.05,45.77K,1.98%
2020-02-07,98.35,98.35,99.9,97.7,23.66K,0.20%
2020-02-06,98.15,98.45,99.35,97.4,34.19K,0.41%
2020-02-05,97.75,98.5,99.25,97.55,29.23K,-0.41%
2020-02-04,98.15,98.95,101.75,97.6,29.52K,0.26%
2020-02-03,97.9,102,102.3,97.8,31.24K,-4.63%
2020-01-31,102.65,101.45,103.25,100.15,23.17K,1.13%
2020-01-30,101.5,102,103.5,100.9,24.63K,-0.54%
2020-01-29,102.05,106,106.2,101.9,32.68K,-2.86%
2020-01-28,105.05,106.4,106.8,104.9,23.89K,-1.45%
2020-01-27,106.6,110,110,106.15,25.50K,-3.22%
2020-01-24,110.15,112.6,112.65,109.85,23.99K,-2.18%
2020-01-23,112.6,111.15,113.7,110.65,22.90K,1.44%
2020-01-22,111,111.5,112.2,110.1,18.58K,-0.05%
2020-01-21,111.05,111.5,113.25,109.75,32.01K,-0.98%
2020-01-17,112.15,113.05,113.4,111.35,17.84K,-0.71%
2020-01-16,112.95,114.3,115.1,112.35,16.71K,-1.18%
2020-01-15,114.3,115.3,116.35,114.05,24.68K,-0.52%
2020-01-14,114.9,115,115.55,113.7,18.62K,0.31%
2020-01-13,114.55,118.55,118.55,114.15,22.28K,-3.70%
2020-01-10,118.95,117.75,119.15,116.5,21.17K,1.36%
2020-01-09,117.35,118.7,120.35,117,24.64K,-1.51%
2020-01-08,119.15,122.5,123.05,118.25,23.06K,-2.66%
2020-01-07,122.4,122.6,123.4,119.85,21.31K,0.20%
2020-01-06,122.15,126.25,126.55,121.55,24.43K,-3.32%
2020-01-03,126.35,127.2,128.45,125.45,16.57K,-0.59%
2020-01-02,127.1,129.55,130.95,126.5,21.51K,-2.00%
2019-12-31,129.7,131.5,134.65,128.55,17.38K,-1.85%
2019-12-30,132.15,132.5,132.75,129.8,15.44K,-0.26%
2019-12-27,132.5,127.85,132.8,127.65,23.56K,4.08%
2019-12-26,127.3,129.4,129.85,126.65,8.89K,-1.62%
2019-12-24,129.4,126.05,130.65,125.35,15.73K,3.27%
2019-12-23,125.3,130.4,131.5,124.9,23.91K,-4.13%
2019-12-20,130.7,126.9,131.05,126.3,19.03K,2.75%
2019-12-19,127.2,133.35,133.35,126.2,30.47K,-3.42%
2019-12-18,131.7,134.08,135.44,130.25,-,-0.38%
2019-12-17,132.2,132.9,132.9,131.9,0.02K,-2.65%
2019-12-16,135.8,135.85,135.85,135.85,0.00K,4.91%
2019-12-13,129.45,138.2,138.4,134.55,0.06K,-4.75%
2019-12-12,135.9,135.2,137,134.85,0.01K,1.53%
2019-12-11,133.85,134.45,134.45,134.45,0.04K,1.36%
2019-12-10,132.05,129.6,130.85,129.6,0.04K,3.73%
2019-12-09,127.3,128.25,128.25,128.25,0.00K,2.91%
2019-12-06,123.7,125.1,126.15,123,0.03K,-0.20%
2019-12-05,123.95,121.45,124.4,121.45,0.08K,2.78%
2019-12-04,120.6,123.2,123.35,120.95,0.03K,-1.83%
2019-12-03,122.85,121.75,123.5,121.75,0.01K,1.11%
2019-12-02,121.5,118,122,118,0.04K,2.49%
2019-11-29,118.55,117.95,118,117.95,0.06K,1.07%
2019-11-27,117.3,116.93,118.9,115.83,-,1.38%
2019-11-26,115.7,117.75,117.75,115,0.02K,-1.78%
2019-11-25,117.8,114.45,117.8,114.45,0.03K,2.79%
2019-11-22,114.6,114.2,114.5,113.9,0.06K,-0.56%
2019-11-21,115.25,109.3,115.75,108.1,0.09K,5.06%
2019-11-20,109.7,105.9,109.8,105.45,0.54K,6.82%
2019-11-19,102.7,105.3,106.6,102.5,19.43K,-2.70%
2019-11-18,105.55,105.55,107.2,105.15,18.91K,-0.57%
2019-11-15,106.15,107.6,107.9,105.6,10.12K,-1.76%
2019-11-14,108.05,108.1,109.55,106.6,14.84K,0.09%
2019-11-13,107.95,105.65,108.2,105.55,25.67K,2.23%
2019-11-12,105.6,106.15,107.45,104.8,30.61K,-0.38%
2019-11-11,106,108.3,108.9,105.5,41.35K,-3.15%
2019-11-08,109.45,108.75,109.9,108.3,38.48K,0.32%
2019-11-07,109.1,107.85,109.6,106.85,54.06K,1.02%
2019-11-06,108,105.8,108.2,105.05,52.73K,2.08%
2019-11-05,105.8,103.55,106.05,102.8,42.92K,2.07%
2019-11-04,103.65,104,104.75,102.65,41.53K,-0.34%
2019-11-01,104,102.15,104.3,101.1,31.18K,2.01%
2019-10-31,101.95,99.4,102.25,99.4,30.20K,2.62%
2019-10-30,99.35,98.7,100.35,97.05,26.93K,0.40%
2019-10-29,98.95,100.5,101.8,98.7,30.09K,-1.54%
2019-10-28,100.5,99.15,100.8,98.2,26.59K,1.06%
2019-10-25,99.45,95.65,99.85,95.65,31.37K,3.11%
2019-10-24,96.45,97.75,98.45,96,20.09K,-1.33%
2019-10-23,97.75,98.8,98.9,97.4,18.75K,-1.16%
2019-10-22,98.9,95.55,99.1,95.55,25.21K,2.65%
2019-10-21,96.35,96.05,97,94.5,22.19K,0.68%
2019-10-18,95.7,92.65,96.2,92.55,24.92K,3.01%
2019-10-17,92.9,93.45,94.7,92.35,19.94K,-0.69%
2019-10-16,93.55,94.05,94.4,92.25,22.37K,-0.95%
2019-10-15,94.45,94.9,95.4,93.95,23.10K,-0.42%
2019-10-14,94.85,93.5,95.6,93.4,20.42K,1.23%
2019-10-11,93.7,94.25,94.35,92.2,30.55K,0.21%
2019-10-10,93.5,95.6,96.1,93.05,31.31K,-2.04%
2019-10-09,95.45,95.65,96.6,95.05,18.93K,-0.26%
2019-10-08,95.7,97.1,97.8,95.5,24.75K,-1.34%
2019-10-07,97,98.9,99.15,96.6,30.60K,-2.02%
2019-10-04,99,102.05,102.5,98.5,23.56K,-2.99%
2019-10-03,102.05,100.5,102.9,99.15,21.31K,1.44%
2019-10-02,100.6,101,101.7,100.15,13.66K,-0.74%
2019-10-01,101.35,101.05,101.6,99.65,16.90K,0.20%
2019-09-30,101.15,100.5,102.45,99.3,21.75K,0.25%
2019-09-27,100.9,100.5,101.9,100.4,14.13K,0.05%
2019-09-26,100.85,101.4,102.9,100.05,17.31K,-0.10%
2019-09-25,100.95,98.9,101.55,97.25,24.94K,1.82%
2019-09-24,99.15,98.85,100.35,98.45,13.62K,0.15%
2019-09-23,99,98.5,100.9,98.15,17.16K,0.61%
2019-09-20,98.4,98.5,99.75,98.05,22.02K,0.05%
2019-09-19,98.35,100.35,100.75,98.1,17.60K,1.55%
2019-09-18,96.85,100.83,101.83,100.13,-,0.00%
2019-09-17,96.85,103.6,104.05,99.98,-,-3.92%
2019-09-16,100.8,102,104.9,101.68,-,1.31%
2019-09-13,99.5,103.23,103.6,102.08,-,-0.85%
2019-09-12,100.35,102.68,103.85,101.18,-,0.20%
2019-09-11,100.15,101.15,101.15,101.15,0.00K,1.83%
2019-09-10,98.35,98.68,102.25,98.03,-,3.53%
2019-09-09,95,96.88,99.2,95.38,-,1.23%
2019-09-06,93.85,95.18,97.35,95.03,-,1.79%
2019-09-05,92.2,96.88,97.45,95.08,-,-1.28%
2019-09-04,93.4,95.8,96.95,95.53,-,1.14%
2019-09-03,92.35,95.23,96.6,94.23,-,-1.34%
2019-08-30,93.6,93.3,93.3,93.3,0.01K,1.85%
2019-08-29,91.9,93.35,93.35,93.35,0.01K,-2.44%
2019-08-28,94.2,93,93.9,92.85,0.01K,0.43%
2019-08-27,93.8,93.85,93.85,93.4,0.01K,-0.37%
2019-08-26,94.15,92.15,94.85,92.15,0.03K,1.67%
2019-08-23,92.6,92.85,92.85,92,0.02K,-0.96%
2019-08-22,93.5,93.15,93.6,92.25,0.11K,0.70%
2019-08-21,92.85,91.65,93.85,91.65,16.53K,1.53%
2019-08-20,91.45,91.35,91.8,89.6,12.09K,0.33%
2019-08-19,91.15,92.8,93.65,91.05,8.23K,-1.83%
2019-08-16,92.85,94.9,95.05,92.6,5.81K,-1.80%
2019-08-15,94.55,94.4,95.7,94.15,11.80K,0.11%
2019-08-14,94.45,95.85,96.4,94,17.29K,-1.97%
2019-08-13,96.35,93.7,96.6,93.15,30.65K,2.77%
2019-08-12,93.75,97.2,97.25,93.4,40.13K,-3.65%
2019-08-09,97.3,97.2,98.1,96.65,31.11K,-0.10%
2019-08-08,97.4,97.4,98.9,96.55,35.70K,0.52%
2019-08-07,96.9,96.8,97.7,96.05,25.95K,-0.15%
2019-08-06,97.05,95.75,97.75,95.2,26.45K,1.46%
2019-08-05,95.65,98.3,98.7,94.3,24.43K,-2.55%
2019-08-02,98.15,97.15,98.95,96.75,24.20K,0.93%
2019-08-01,97.25,97.85,98.45,96.4,24.41K,-2.41%
2019-07-31,99.65,99.1,100.45,98.1,24.47K,0.15%
2019-07-30,99.5,101.05,101.15,98.8,19.26K,-1.63%
2019-07-29,101.15,99.75,102.45,98.75,25.63K,1.40%
2019-07-26,99.75,100.6,102.65,99.05,27.62K,-0.89%
2019-07-25,100.65,101.35,101.65,100.3,20.32K,-0.35%
2019-07-24,101,102.45,103.65,100.55,31.14K,-1.27%
2019-07-23,102.3,105.15,105.6,102.15,26.11K,-2.66%
2019-07-22,105.1,106.7,108,105,19.29K,-0.71%
2019-07-19,105.85,108.68,109.88,107.03,-,-1.21%
2019-07-18,107.15,105.3,105.3,105.3,0.00K,1.13%
2019-07-17,105.95,106.35,107.9,105.5,0.00K,1.78%
2019-07-16,104.1,110.18,110.18,105.45,0.01K,-4.32%
2019-07-15,108.8,106.55,110.65,104.53,-,3.42%
2019-07-12,105.2,107.2,107.88,106.08,0.00K,-0.28%
2019-07-11,105.5,106.05,106.05,106.05,0.00K,1.10%
2019-07-10,104.35,107.68,109.3,105.58,0.00K,-1.46%
2019-07-09,105.9,106.43,108.3,105.35,-,1.10%
2019-07-08,104.75,113.05,113.05,105.5,0.03K,-4.29%
2019-07-05,109.45,112.55,112.55,110.4,0.02K,-2.49%
2019-07-03,112.25,110.1,112.15,108.3,0.01K,3.70%
2019-07-02,108.25,110.35,110.35,108.6,0.09K,-1.72%
2019-07-01,110.15,112.55,112.55,109.6,0.05K,1.76%
2019-06-28,108.25,106.9,109,106.35,0.05K,2.56%
2019-06-27,105.55,105.2,105.8,105,0.02K,0.62%
2019-06-26,104.9,104.7,107.15,104.45,0.05K,-1.46%
2019-06-25,106.45,103,105.35,103,0.09K,4.36%
2019-06-24,102,99.3,102.4,99,0.22K,2.20%
2019-06-21,99.8,102.05,102.05,99.4,0.28K,-1.24%
2019-06-20,101.05,98,101.1,98,1.25K,4.99%
2019-06-19,96.25,94.45,97.45,94.35,9.59K,2.07%
2019-06-18,94.3,95.85,96,94,9.77K,-1.82%
2019-06-17,96.05,95.8,96.8,94.85,15.75K,0.05%
2019-06-14,96,97.4,98,95.85,27.58K,-1.39%
2019-06-13,97.35,99.1,99.7,97.3,28.59K,-1.72%
2019-06-12,99.05,97.15,99.2,96.75,31.37K,2.11%
2019-06-11,97,98.1,100.45,96.85,39.47K,-1.62%
2019-06-10,98.6,100.15,100.75,98,46.33K,-2.33%
2019-06-07,100.95,102.05,103.3,100.05,35.11K,-1.08%
2019-06-06,102.05,99,102.55,98.6,36.39K,2.98%
2019-06-05,99.1,105.35,105.6,97.9,60.42K,-6.20%
2019-06-04,105.65,103.25,106.15,102.7,43.49K,1.83%
2019-06-03,103.75,104.85,105.65,103,54.97K,-0.81%
2019-05-31,104.6,102.1,105.3,99.05,47.25K,2.20%
2019-05-30,102.35,100.15,102.75,99.5,51.09K,2.86%
2019-05-29,99.5,96.65,100.25,95.95,40.28K,3.59%
2019-05-28,96.05,93.2,96.45,92.65,36.41K,2.95%
2019-05-24,93.3,93.5,95,92.6,27.51K,-0.21%
2019-05-23,93.5,91.6,94,90.2,30.16K,1.91%
2019-05-22,91.75,93,93.85,91.5,26.08K,-1.24%
2019-05-21,92.9,89.6,93.35,88.5,32.02K,5.27%
2019-05-20,88.25,88.15,88.2,86.75,0.04K,1.03%
2019-05-17,87.35,88.05,88.05,88.05,0.01K,-2.94%
2019-05-16,90,89.7,89.7,89.7,0.00K,0.11%
2019-05-15,89.9,90.75,91.75,90.63,-,0.39%
2019-05-14,89.55,90.08,92.6,90,-,1.47%
2019-05-13,88.25,90.2,90.5,88.83,0.01K,-1.34%
2019-05-10,89.45,88.85,88.85,88.85,0.00K,-0.06%
2019-05-09,89.5,88.6,88.6,87.5,0.00K,2.64%
2019-05-08,87.2,87.6,87.6,87.45,0.01K,0.63%
2019-05-07,86.65,87.65,87.65,87,0.03K,-2.42%
2019-05-06,88.8,93.5,93.5,89.43,0.00K,-0.50%
2019-05-03,89.25,89.8,89.8,89.6,0.01K,-1.11%
2019-05-02,90.25,90.98,92.75,90.78,-,0.50%
2019-05-01,89.8,91.7,91.7,91.7,0.00K,-2.23%
2019-04-30,91.85,91.35,93.85,91.35,0.13K,0.55%
2019-04-29,91.35,91.75,91.8,90.8,0.03K,-1.46%
2019-04-26,92.7,92,92.4,91.85,0.03K,0.71%
2019-04-25,92.05,91.9,92,91.5,0.17K,1.77%
2019-04-24,90.45,91.65,92,90.25,0.16K,-1.15%
2019-04-23,91.5,92,92,90.1,0.18K,0.44%
2019-04-22,91.1,90.5,93.2,90.5,0.58K,1.00%
2019-04-18,90.2,87.05,91.5,87,15.14K,3.62%
2019-04-17,87.05,90.2,90.75,86.35,26.97K,-3.81%
2019-04-16,90.5,91.05,91.55,89.8,19.19K,-0.98%
2019-04-15,91.4,90,91.7,89.85,34.58K,1.11%
2019-04-12,90.4,90.8,91.15,89.35,33.84K,0.17%
2019-04-11,90.25,94.1,94.3,90.15,62.05K,-4.24%
2019-04-10,94.25,93.75,94.5,93.1,28.26K,0.64%
2019-04-09,93.65,93.3,94.85,93.15,47.97K,0.75%
2019-04-08,92.95,93.2,93.8,92.05,35.23K,-0.27%
2019-04-05,93.2,94.8,95.75,93.05,35.73K,-2.20%
2019-04-04,95.3,95.2,96.95,94.5,43.59K,-0.05%
2019-04-03,95.35,91.65,95.85,91.3,48.27K,4.04%
2019-04-02,91.65,92.35,92.55,91.25,22.45K,-0.49%
2019-04-01,92.1,94.05,94.8,91.65,40.74K,-2.54%
2019-03-29,94.5,94.25,95.65,94.2,21.78K,0.53%
2019-03-28,94,93.4,94.6,92.7,24.20K,0.16%
2019-03-27,93.85,95.05,96.4,93.45,31.14K,-1.57%
2019-03-26,95.35,94.35,95.85,93.95,25.12K,1.17%
2019-03-25,94.25,93.65,94.85,92.6,23.11K,0.37%
2019-03-22,93.9,95,95.5,93.65,17.91K,-0.95%
2019-03-21,94.8,94.85,96.3,94.55,18.95K,0.05%
2019-03-20,94.75,96.6,96.8,94.35,25.00K,1.39%
2019-03-19,93.45,97.03,97.8,96.5,-,-0.21%
2019-03-18,93.65,97.15,97.97,96.35,0.00K,-1.00%
2019-03-15,94.6,97.28,97.85,96.6,-,0.69%
2019-03-14,93.95,95.3,95.3,94.05,0.00K,-0.53%
2019-03-13,94.45,96.1,97.78,95.25,-,1.78%
2019-03-12,92.8,94.55,94.55,94.5,0.01K,-1.28%
2019-03-11,94,98.08,98.3,97.05,-,-1.36%
2019-03-08,95.3,94.5,95.25,94.5,0.00K,1.76%
2019-03-07,93.65,98.55,99.3,96.85,-,-1.94%
2019-03-06,95.5,99.85,100.1,98.35,0.02K,-0.98%
2019-03-05,96.45,96.45,96.45,96.45,-,2.50%
2019-03-04,94.1,96.5,96.5,96.5,0.01K,-2.94%
2019-03-01,96.95,97.5,97.5,97.5,0.01K,1.84%
2019-02-28,95.2,94.7,95.55,94.7,0.04K,-0.52%
2019-02-27,95.7,93.95,96.3,93.95,0.02K,2.30%
2019-02-26,93.55,96.4,96.5,93.6,0.07K,-2.96%
2019-02-25,96.4,96.35,97.25,96.25,0.01K,-0.05%
2019-02-22,96.45,96.5,96.95,96.45,0.03K,0.36%
2019-02-21,96.1,97,97.35,96,0.04K,-1.49%
2019-02-20,97.55,97.6,98.2,96.1,0.22K,0.36%
2019-02-19,97.2,97.65,98.3,96.1,13.80K,-0.77%
2019-02-15,97.95,97.8,98.85,97.45,19.14K,0.10%
2019-02-14,97.85,98.85,99.2,97.05,17.48K,-1.06%
2019-02-13,98.9,101,101,98.65,29.86K,-1.54%
2019-02-12,100.45,100.2,101.25,99.9,28.91K,0.25%
2019-02-11,100.2,102.6,102.7,99.85,41.31K,-2.34%
2019-02-08,102.6,104.25,104.75,102.25,39.20K,-1.63%
2019-02-07,104.3,105.2,105.3,103.55,38.97K,-1.14%
2019-02-06,105.5,104.7,105.9,104.35,23.73K,0.62%
2019-02-05,104.85,105.8,106.2,104.25,21.21K,-0.71%
2019-02-04,105.6,103.8,106.35,103.25,28.65K,1.83%
2019-02-01,103.7,106.15,107,103.55,27.78K,-2.08%
2019-01-31,105.9,102.3,106.35,102.3,31.56K,3.72%
2019-01-30,102.1,102.65,103.35,101.95,12.75K,-0.49%
2019-01-29,102.6,103,103.3,102.15,16.06K,-0.05%
2019-01-28,102.65,105.65,105.8,101.55,31.32K,-3.89%
2019-01-25,106.8,106.1,107.15,105.2,26.25K,1.42%
2019-01-24,105.3,103.7,106.1,103.05,22.42K,1.84%
2019-01-23,103.4,102.9,104,102.3,16.63K,0.05%
2019-01-22,103.35,104.9,105.75,102.8,19.24K,-1.52%
2019-01-18,104.95,102.85,106.2,102.6,27.46K,2.49%
2019-01-17,102.4,102.4,103.5,101.75,17.11K,0.00%
2019-01-16,102.4,100.9,103,100.65,21.69K,1.09%
2019-01-15,101.3,102.25,102.9,100.4,20.66K,-1.41%
2019-01-14,102.75,103.4,103.55,101.55,16.71K,-1.06%
2019-01-11,103.85,104,104.8,102.5,24.88K,-0.38%
2019-01-10,104.25,105,106,103.35,23.61K,-1.00%
2019-01-09,105.3,105,106.85,104.35,21.96K,0.24%
2019-01-08,105.05,102.9,106.05,102.35,32.99K,2.24%
2019-01-07,102.75,101.5,103.45,101.15,15.31K,1.13%
2019-01-04,101.6,102.3,103,100.4,16.12K,-0.54%
2019-01-03,102.15,99.5,103.25,99.45,21.49K,2.66%
2019-01-02,99.5,101.6,102.65,99.35,22.18K,-2.31%
2018-12-31,101.85,100.95,102,99.3,11.74K,0.89%
2018-12-28,100.95,101.75,102.75,100.4,9.03K,-0.79%
2018-12-27,101.75,103.7,103.8,100.9,14.52K,-2.07%
2018-12-26,103.9,102.2,104,100.35,12.21K,1.66%
2018-12-24,102.2,99.7,102.4,99.65,8.82K,2.51%
2018-12-21,99.7,102.5,102.65,99.4,13.87K,-2.73%
2018-12-20,102.5,100.9,102.75,100.5,16.04K,1.64%
2018-12-19,100.85,99.5,101.9,98.6,18.60K,6.89%
2018-12-18,94.35,95.75,95.75,95.75,0.00K,-0.37%
2018-12-17,94.7,98.05,98.05,96.05,0.04K,-2.32%
2018-12-14,96.95,96.95,96.95,96.95,-,-1.87%
2018-12-13,98.8,99.25,99.25,98.45,0.02K,1.07%
2018-12-12,97.75,98.15,98.15,98.15,0.02K,0.10%
2018-12-11,97.65,100.3,100.3,100.3,0.00K,-2.79%
2018-12-10,100.45,100,100.25,100,0.02K,1.67%
2018-12-07,98.8,98.8,98.8,98.8,-,-1.84%
2018-12-06,100.65,100,100,100,0.10K,-0.30%
2018-12-05,100.95,102.3,102.35,101.3,0.02K,-0.93%
2018-12-04,101.9,102.05,102.7,101.9,0.01K,-1.55%
2018-12-03,103.5,103.5,103.5,103.5,-,0.24%
2018-11-30,103.25,108.5,108.5,104,0.04K,-4.84%
2018-11-29,108.5,110.4,110.4,109.3,0.01K,-1.45%
2018-11-28,110.1,108.3,108.3,108.3,0.02K,0.55%
2018-11-27,109.5,107.5,109.8,107.4,0.02K,2.34%
2018-11-26,107,107.15,107.55,106.2,0.03K,-0.14%
2018-11-23,107.15,110.15,110.15,106.7,0.46K,-2.86%
2018-11-21,110.3,111.5,111.5,109.75,0.14K,-0.32%
2018-11-20,110.65,112.25,112.8,110.1,4.73K,-1.51%
2018-11-19,112.35,111.9,113,109.05,6.19K,-0.22%
2018-11-16,112.6,110.3,112.8,109.85,4.19K,2.32%
2018-11-15,110.05,112.65,113.7,109.4,8.08K,-2.31%
2018-11-14,112.65,109.2,112.95,108.6,17.19K,3.16%
2018-11-13,109.2,110.15,110.25,107.55,26.75K,-0.86%
2018-11-12,110.15,113.85,113.85,109.65,30.31K,-3.25%
2018-11-09,113.85,116.25,116.4,113.7,35.83K,-2.40%
2018-11-08,116.65,115.55,118.15,114.55,34.86K,0.91%
2018-11-07,115.6,114.1,115.9,113.65,33.31K,2.08%
2018-11-06,113.25,116.5,117.5,113.1,35.79K,-3.29%
2018-11-05,117.1,119.25,119.3,116.25,37.34K,-2.46%
2018-11-02,120.05,118.65,121.3,118.1,34.87K,1.91%
2018-11-01,117.8,113.05,118.2,112.6,53.36K,4.53%
2018-10-31,112.7,112.35,113.5,111.35,26.18K,0.27%
2018-10-30,112.4,114.7,115.75,112.15,33.86K,-1.62%
2018-10-29,114.25,120.1,122.8,113.95,37.96K,-4.51%
2018-10-26,119.65,121,122.8,119.25,27.54K,-1.24%
2018-10-25,121.15,119.85,123.1,119.3,28.16K,0.75%
2018-10-24,120.25,121.1,124.35,120,31.99K,-0.70%
2018-10-23,121.1,117.65,121.65,116.35,39.37K,2.93%
2018-10-22,117.65,121.9,122.1,117.45,24.48K,-3.64%
2018-10-19,122.1,121.75,125.5,120.9,26.41K,0.04%
2018-10-18,122.05,122.55,124.3,120.8,41.84K,-0.41%
2018-10-17,122.55,117.45,122.9,117,43.59K,4.16%
2018-10-16,117.65,119.8,120,116.8,33.67K,-1.42%
2018-10-15,119.35,116.9,119.7,116.9,45.21K,2.40%
2018-10-12,116.55,113.5,116.8,112.55,34.69K,3.23%
2018-10-11,112.9,111.5,113.5,109.75,35.80K,0.89%
2018-10-10,111.9,113.65,114.2,111.05,30.38K,-1.10%
2018-10-09,113.15,111.95,113.4,110.95,29.18K,1.16%
2018-10-08,111.85,110.6,112.95,110.45,40.73K,2.66%
2018-10-05,108.95,106.95,109.4,106.75,22.83K,1.87%
2018-10-04,106.95,106.15,108.8,104.8,26.41K,0.33%
2018-10-03,106.6,107.65,110.8,106.45,43.06K,-0.98%
2018-10-02,107.65,102.05,108.15,101.1,42.10K,5.33%
2018-10-01,102.2,102.15,103.45,101.4,26.26K,-0.24%
2018-09-28,102.45,99.15,103.45,98.75,34.02K,3.17%
2018-09-27,99.3,97.7,99.55,96.9,13.46K,1.59%
2018-09-26,97.75,97.3,98.6,96.7,13.73K,0.67%
2018-09-25,97.1,97.8,98.05,96.55,19.61K,-1.42%
2018-09-24,98.5,99.7,100.1,97.85,14.35K,-1.40%
2018-09-21,99.9,99.45,100.75,98.3,23.57K,0.15%
2018-09-20,99.75,96.9,100.7,96.65,26.43K,3.15%
2018-09-19,96.7,96.05,97.2,95.2,15.26K,5.11%
2018-09-18,92,92,92,92,-,-1.55%
2018-09-17,93.45,95.1,95.1,93.5,0.01K,-2.10%
2018-09-14,95.45,95.45,95.45,95.25,0.02K,-0.99%
2018-09-13,96.4,96.7,96.7,96.7,0.00K,-1.48%
2018-09-12,97.85,96.8,97.8,96.8,0.00K,1.72%
2018-09-11,96.2,97.3,97.3,97.3,0.00K,-1.33%
2018-09-10,97.5,97.5,97.5,97.5,-,-1.32%
2018-09-07,98.8,98.8,98.8,98.8,0.00K,0.87%
2018-09-06,97.95,99.05,99.05,99.05,0.00K,-2.15%
2018-09-05,100.1,100.1,100.1,100.1,-,2.40%
2018-09-04,97.75,96.35,96.35,95.6,0.00K,-0.36%
2018-08-31,98.1,98.1,98.1,98.1,0.02K,-0.86%
2018-08-30,98.95,98.35,98.35,98.35,0.01K,0.30%
2018-08-29,98.65,99.2,99.2,99.2,0.01K,-0.60%
2018-08-28,99.25,101.7,102.25,100.2,0.03K,-2.55%
2018-08-27,101.85,101.95,102.2,101.95,0.09K,1.29%
2018-08-24,100.55,98.35,101.05,98.35,0.03K,3.45%
2018-08-23,97.2,96.4,98.25,96.15,0.28K,0.83%
2018-08-22,96.4,97.2,98.3,95.45,12.01K,-1.58%
2018-08-21,97.95,97.5,98.95,96.9,13.35K,0.72%
2018-08-20,97.25,101.2,101.75,96.95,15.58K,-3.90%
2018-08-17,101.2,102.3,102.55,100.25,11.69K,-0.49%
2018-08-16,101.7,102.65,103.55,101.3,16.03K,-0.68%
2018-08-15,102.4,105.35,105.55,102.1,28.29K,-2.52%
2018-08-14,105.05,106.15,106.95,105.05,37.56K,-1.13%
2018-08-13,106.25,107.05,107.25,104.35,46.20K,-0.70%
2018-08-10,107,107.2,107.6,106.4,43.34K,-0.60%
2018-08-09,107.65,107.8,108.4,106.85,29.13K,-0.19%
2018-08-08,107.85,108.85,108.9,106.65,38.06K,-1.10%
2018-08-07,109.05,108.55,110.25,108.45,47.05K,0.28%
2018-08-06,108.75,107.65,110.15,107.2,24.43K,0.93%
2018-08-03,107.75,107.05,108.75,106.7,26.84K,0.98%
2018-08-02,106.7,108.05,108.05,106,32.64K,-1.25%
2018-08-01,108.05,109.7,110.4,107.7,34.48K,-1.68%
2018-07-31,109.9,111.4,111.8,109.55,29.68K,-1.35%
2018-07-30,111.4,110.5,113.4,109.65,34.16K,0.86%
2018-07-27,110.45,109.5,110.85,108.7,21.09K,0.82%
2018-07-26,109.55,111.35,111.7,109.25,21.19K,-1.31%
2018-07-25,111,111.05,112,109.9,12.84K,0.05%
2018-07-24,110.95,111.75,113.2,110.15,21.61K,-0.63%
2018-07-23,111.65,111.05,113,110.7,23.94K,0.90%
2018-07-20,110.65,108.3,111.05,108.1,17.12K,5.13%
2018-07-19,105.25,105.25,105.25,105.25,-,0.62%
2018-07-18,104.6,105.8,105.8,105.8,0.00K,-1.04%
2018-07-17,105.7,106.55,106.55,106.55,0.05K,-1.63%
2018-07-16,107.45,107.45,107.45,107.45,-,0.37%
2018-07-13,107.05,108.15,108.25,107.15,0.01K,-1.52%
2018-07-12,108.7,108.7,108.7,108.7,-,-0.46%
2018-07-11,109.2,108.5,109.35,108.35,0.01K,-2.46%
2018-07-10,111.95,111.8,111.8,111.8,0.00K,-0.22%
2018-07-09,112.2,112.2,112.2,112.2,-,0.85%
2018-07-06,111.25,106.2,108.25,106.2,0.00K,4.66%
2018-07-05,106.3,106.3,106.3,106.3,0.01K,-1.89%
2018-07-03,108.35,109.75,109.75,108.45,0.00K,0.51%
2018-07-02,107.8,108.45,109.1,107.65,0.13K,-3.32%
2018-06-29,111.5,112.55,112.65,112.55,0.02K,-0.58%
2018-06-28,112.15,112,112,112,0.02K,-1.88%
2018-06-27,114.3,114.8,114.8,113.7,0.01K,-0.44%
2018-06-26,114.8,114.55,115.8,114.05,0.03K,0.57%
2018-06-25,114.15,113.75,114.35,113.5,0.04K,0.26%
2018-06-22,113.85,113.75,114.15,113.4,0.04K,1.11%
2018-06-21,112.6,113.75,113.75,112,0.32K,-0.92%
2018-06-20,113.65,114.1,114.8,113.35,11.21K,-0.39%
2018-06-19,114.1,114.3,114.35,112.65,13.00K,-0.31%
2018-06-18,114.45,115.4,115.8,114.3,10.40K,-0.65%
2018-06-15,115.2,115.65,115.65,114.6,17.16K,-0.43%
2018-06-14,115.7,116.5,117.15,115.55,32.07K,-0.56%
2018-06-13,116.35,117.2,117.25,116.2,28.77K,-0.85%
2018-06-12,117.35,117.05,117.95,116.75,26.63K,0.21%
2018-06-11,117.1,117.25,118.05,116.25,44.33K,-0.13%
2018-06-08,117.25,116.05,117.45,115.65,41.92K,1.34%
2018-06-07,115.7,118.25,118.65,115.65,48.60K,-2.16%
2018-06-06,118.25,119.3,119.85,118.2,28.57K,-1.00%
2018-06-05,119.45,121.15,121.55,119.15,33.65K,-1.69%
2018-06-04,121.5,122.55,123.15,120.9,35.55K,-1.02%
2018-06-01,122.75,123.9,124.95,122.35,36.14K,-0.77%
2018-05-31,123.7,120.4,124.05,120.25,32.67K,2.83%
2018-05-30,120.3,119.75,122.2,119.75,38.34K,0.04%
2018-05-29,120.25,119.8,120.5,119.35,17.87K,-0.12%
2018-05-25,120.4,120.6,120.7,119.1,12.51K,-0.12%
2018-05-24,120.55,119.7,121,119.45,21.64K,1.01%
2018-05-23,119.35,120.4,120.8,118.6,19.57K,-1.24%
2018-05-22,120.85,120.55,121.45,119.55,26.84K,0.54%
2018-05-21,120.2,118,120.6,117.85,25.92K,5.48%
2018-05-18,113.95,113.95,113.95,113.95,0.00K,0.09%
2018-05-17,113.85,113.85,113.85,113.85,-,0.53%
2018-05-16,113.25,114.5,114.5,112.45,0.00K,0.31%
2018-05-15,112.9,114.75,114.75,113.2,0.00K,-0.66%
2018-05-14,113.65,113.65,113.65,113.65,-,-1.39%
2018-05-11,115.25,115.35,116.4,115.1,0.02K,-0.90%
2018-05-10,116.3,116.3,116.3,116.3,-,0.69%
2018-05-09,115.5,115.5,115.5,115.5,0.01K,-0.90%
2018-05-08,116.55,116.55,116.55,116.55,0.00K,-1.40%
2018-05-07,118.2,119.55,119.55,118.45,0.01K,-1.87%
2018-05-04,120.45,120.45,120.45,120.45,0.00K,-1.43%
2018-05-03,122.2,122.45,122.45,122.45,0.00K,0.49%
2018-05-02,121.6,122.75,122.75,122.75,0.00K,-0.82%
2018-05-01,122.6,122.85,122.85,122.85,0.00K,1.62%
2018-04-30,120.65,120.05,120.8,120.05,0.02K,0.25%
2018-04-27,120.35,119.8,120.3,119.15,0.02K,2.34%
2018-04-26,117.6,117.6,117.6,117.6,0.05K,0.64%
2018-04-25,116.85,117.75,117.75,116,0.02K,-1.39%
2018-04-24,118.5,117,118.5,116.65,0.09K,1.28%
2018-04-23,117,116.3,117.1,116.3,0.32K,1.08%
2018-04-20,115.75,115,115.25,114.45,0.63K,1.31%
2018-04-19,114.25,114.7,115.2,113.35,13.94K,-0.57%
2018-04-18,114.9,113.75,115.35,113.35,18.10K,1.19%
2018-04-17,113.55,114.5,114.6,113.05,17.73K,-0.61%
2018-04-16,114.25,117.3,117.35,114.15,20.64K,-2.60%
2018-04-13,117.3,118,118.95,117.1,39.10K,-0.51%
2018-04-12,117.9,118.3,118.4,117.45,26.05K,-0.21%
2018-04-11,118.15,117.85,118.35,116.5,43.03K,0.47%
2018-04-10,117.6,118.6,118.75,117.15,34.68K,-0.88%
2018-04-09,118.65,117.85,119.45,117.7,40.93K,1.02%
2018-04-06,117.45,117.6,118.05,116.8,31.35K,-0.09%
2018-04-05,117.55,117.3,118.4,117,31.09K,0.56%
2018-04-04,116.9,116.7,117.45,115.95,36.47K,0.26%
2018-04-03,116.6,116.75,117.15,116,21.39K,0.17%
2018-04-02,116.4,118.7,119.1,116.15,18.08K,-1.48%
2018-03-29,118.15,117.8,118.75,117.4,13.01K,0.34%
2018-03-28,117.75,119.15,119.2,117.35,12.66K,-1.01%
2018-03-27,118.95,118.4,119.75,117.7,19.92K,0.68%
2018-03-26,118.15,117.2,118.8,116.65,24.62K,0.81%
2018-03-23,117.2,118.9,119.15,116.5,23.23K,-1.51%
2018-03-22,119,119.35,119.65,118.15,14.01K,0.13%
2018-03-21,118.85,118.6,120.75,118.55,19.61K,-0.08%
2018-03-20,118.95,119.2,120.05,118.65,11.01K,0.51%
2018-03-19,118.35,118.35,118.35,118.35,0.00K,1.20%
2018-03-16,116.95,117.25,117.25,117.25,0.00K,-0.59%
2018-03-15,117.65,120,120.1,119.85,0.03K,-1.92%
2018-03-14,119.95,119.95,119.95,119.95,0.00K,-0.42%
2018-03-13,120.45,120.45,120.45,120.45,-,1.95%
2018-03-12,118.15,118.15,118.15,118.15,-,-0.59%
2018-03-09,118.85,119.75,119.75,119.4,0.00K,-0.13%
2018-03-08,119,119.1,119.1,119.1,0.00K,-0.25%
2018-03-07,119.3,118.5,119.6,118.15,0.01K,-0.54%
2018-03-06,119.95,120.1,120.1,120.1,0.00K,0.63%
2018-03-05,119.2,119.1,119.2,118.15,0.01K,-0.96%
2018-03-02,120.35,121.55,121.55,120.95,0.00K,-1.71%
2018-03-01,122.45,121.35,122,121.35,0.06K,1.16%
2018-02-28,121.05,120,120.5,120,0.00K,0.92%
2018-02-27,119.95,120.15,120.2,119.8,0.01K,-0.46%
2018-02-26,120.5,119.5,121.05,119.5,0.02K,0.88%
2018-02-23,119.45,119.8,121,118.75,0.10K,-0.13%
2018-02-22,119.6,117.65,118,117.45,0.03K,2.27%
2018-02-21,116.95,118,118.5,116.5,0.33K,-1.06%
2018-02-20,118.2,117.75,119.15,116.95,0.95K,0.21%
2018-02-16,117.95,121.85,122.25,117.65,15.90K,-3.12%
2018-02-15,121.75,122.7,123.4,121.45,17.03K,-0.86%
2018-02-14,122.8,122.85,123.1,120.9,11.97K,0.04%
2018-02-13,122.75,121.4,123,120.5,18.20K,1.11%
2018-02-12,121.4,121.75,123.2,120.8,37.90K,-0.37%
2018-02-09,121.85,122.7,124.1,121.75,32.42K,-0.81%
2018-02-08,122.85,122.85,124.4,121.75,34.97K,-0.36%
2018-02-07,123.3,122.95,123.9,122.6,35.71K,0.37%
2018-02-06,122.85,120,123.1,119.1,39.22K,2.55%
2018-02-05,119.8,120.4,120.7,119.5,32.79K,-0.50%
2018-02-02,120.4,121.55,121.6,119.85,23.71K,-0.82%
2018-02-01,121.4,121.7,122.3,120.35,24.08K,-0.37%
2018-01-31,121.85,122.5,123.3,121.15,19.03K,-0.37%
2018-01-30,122.3,124.75,125.2,121.55,32.82K,-2.12%
2018-01-29,124.95,125.55,125.85,123.65,29.52K,-0.16%
2018-01-26,125.15,123.65,125.35,123.5,25.37K,1.21%
2018-01-25,123.65,122.7,125.5,121.7,26.65K,0.94%
2018-01-24,122.5,121.25,123.1,120.7,19.65K,1.28%
2018-01-23,120.95,122.15,122.4,120.5,16.60K,-1.31%
2018-01-22,122.55,121.65,123.35,121.55,16.54K,1.07%
2018-01-19,121.25,121.1,121.75,119.6,18.48K,0.12%
2018-01-18,121.1,123.65,123.9,120.95,17.46K,-1.62%
2018-01-17,123.1,121,123.8,120.15,28.42K,2.20%
2018-01-16,120.45,121.8,121.85,119.85,29.30K,-1.47%
2018-01-12,122.25,122.8,123.25,120.9,26.75K,-0.45%
2018-01-11,122.8,123.95,124,122.15,22.17K,-0.93%
2018-01-10,123.95,125.45,125.95,123,21.99K,-0.96%
2018-01-09,125.15,125.3,125.3,122.6,24.57K,0.00%
2018-01-08,125.15,127.6,127.65,124.3,31.51K,-2.57%
2018-01-05,128.45,129.2,129.55,127.9,21.74K,-0.85%
2018-01-04,129.55,128.2,129.65,126.6,21.05K,0.74%
2018-01-03,128.6,130,131.35,126.2,37.67K,-1.23%
2018-01-02,130.2,126,130.65,126,29.54K,3.17%
2017-12-29,126.2,124.6,126.55,124.4,16.69K,1.12%
2017-12-28,124.8,124,124.9,123.2,12.04K,0.24%
2017-12-27,124.5,122.3,124.7,121.7,17.27K,1.88%
2017-12-26,122.2,120.75,122.3,120.65,7.30K,1.50%
2017-12-22,120.4,122.45,122.5,119.5,14.49K,-1.51%
2017-12-21,122.25,122.7,123.55,121.3,14.35K,-0.73%
2017-12-20,123.15,122.5,124.05,122.05,14.11K,1.15%
2017-12-19,121.75,121.9,122.45,121,15.19K,2.70%
2017-12-18,118.55,118.55,118.55,118.55,0.01K,1.37%
2017-12-15,116.95,117.05,117.05,116.9,0.01K,-1.85%
2017-12-14,119.15,119.15,119.15,119.15,-,0.17%
2017-12-13,118.95,118.95,118.95,118.95,0.00K,1.62%
2017-12-12,117.05,117.05,117.05,117.05,0.00K,-1.64%
2017-12-11,119,121,121,121,0.01K,-1.33%
2017-12-08,120.6,120.6,120.6,120.6,-,-0.21%
2017-12-07,120.85,120.85,120.85,120.85,0.01K,-3.20%
2017-12-06,124.85,126,126.1,125,0.47K,-0.87%
2017-12-05,125.95,126.75,126.75,125.85,0.03K,-0.63%
2017-12-04,126.75,126.2,127.25,126.15,0.01K,-0.63%
2017-12-01,127.55,126.95,128,126.95,0.01K,0.99%
2017-11-30,126.3,129.95,130.3,126.25,0.07K,-2.55%
2017-11-29,129.6,127.7,129.65,127.55,0.01K,1.69%
2017-11-28,127.45,125.5,127.1,124.85,0.02K,1.51%
2017-11-27,125.55,125.25,126.3,125.05,0.04K,0.60%
2017-11-24,124.8,124,126.6,124,0.09K,0.20%
2017-11-22,124.55,124.1,125.1,123.85,0.08K,0.57%
2017-11-21,123.85,123.15,125.4,122.55,0.36K,0.77%
2017-11-20,122.9,122.5,123.7,121.15,12.10K,-0.73%
2017-11-17,123.8,126.15,126.55,123.55,14.56K,-2.29%
2017-11-16,126.7,126.55,127.45,125.95,9.23K,-0.04%
2017-11-15,126.75,127.15,128.1,125.65,13.65K,-0.24%
2017-11-14,127.05,127.55,129,124.25,25.52K,-0.43%
2017-11-13,127.6,127.5,128.15,126.65,29.17K,0.04%
2017-11-10,127.55,126.05,128.35,125.5,34.38K,0.91%
2017-11-09,126.4,125.55,127.4,125,31.15K,0.52%
2017-11-08,125.75,125.05,125.9,124.2,30.26K,0.84%
2017-11-07,124.7,125.5,125.8,123.1,29.17K,-0.68%
2017-11-06,125.55,123.95,126.4,122.25,18.63K,1.29%
2017-11-03,123.95,127.15,127.4,123.25,25.59K,-1.94%
2017-11-02,126.4,123.35,127.6,122.55,33.63K,2.81%
2017-11-01,122.95,124.7,126.2,121.2,34.71K,-1.72%
2017-10-31,125.1,125.1,125.7,124.15,22.00K,-0.64%
2017-10-30,125.9,127,127.75,125.05,12.84K,-0.55%
2017-10-27,126.6,124,127.5,123.7,21.41K,1.65%
2017-10-26,124.55,124.4,124.9,123,18.91K,0.36%
2017-10-25,124.1,123.3,125.3,123.1,13.17K,0.73%
2017-10-24,123.2,124.25,124.75,122.85,13.99K,-0.92%
2017-10-23,124.35,125.1,126.5,123.85,12.53K,-0.72%
2017-10-20,125.25,126.95,127.95,124,17.83K,-1.26%
2017-10-19,126.85,124.75,128.05,124.5,20.37K,2.05%
2017-10-18,124.3,124.15,124.7,123,12.32K,0.12%
2017-10-17,124.15,123.75,125.05,123,15.25K,0.32%
2017-10-16,123.75,126.1,126.45,123.7,19.77K,-2.14%
2017-10-13,126.45,126.4,127.15,125.45,14.59K,0.08%
2017-10-12,126.35,127.2,127.8,125.4,16.89K,-0.35%
2017-10-11,126.8,129.8,129.85,126.55,25.33K,-3.21%
2017-10-10,131,131,132.7,130.05,21.71K,0.04%
2017-10-09,130.95,131,131.9,129.8,17.44K,0.73%
2017-10-06,130,127.9,130.7,127.4,18.12K,2.20%
2017-10-05,127.2,125.75,127.65,124.3,14.90K,1.64%
2017-10-04,125.15,126.2,126.4,124.4,19.59K,-0.24%
2017-10-03,125.45,127.4,127.8,125.4,17.54K,-1.38%
2017-10-02,127.2,127.8,128,125.3,22.45K,-0.66%
2017-09-29,128.05,128.95,129.15,127.25,16.44K,-0.35%
2017-09-28,128.5,129.45,129.7,127.5,15.67K,-0.66%
2017-09-27,129.35,131.95,132.15,129,17.14K,-2.19%
2017-09-26,132.25,131.55,133.65,130.85,14.98K,0.53%
2017-09-25,131.55,133.65,133.7,131.35,16.95K,-2.16%
2017-09-22,134.45,135.8,136.2,134.05,18.15K,-0.41%
2017-09-21,135,136.2,136.2,133.65,13.40K,-1.14%
2017-09-20,136.55,135.35,137.45,132.9,25.87K,1.94%
2017-09-19,133.95,133.95,133.95,133.95,0.00K,-3.60%
2017-09-18,138.95,141.35,141.35,139.45,0.01K,-0.75%
2017-09-15,140,139.25,140.15,139.25,0.01K,3.05%
2017-09-14,135.85,137,137.25,137,0.01K,-0.55%
2017-09-13,136.6,134.6,136.4,133.55,0.01K,2.09%
2017-09-12,133.8,132.75,132.75,132.75,0.01K,2.45%
2017-09-11,130.6,129.65,129.65,128.75,0.00K,0.93%
2017-09-08,129.4,129.4,129.4,129.4,0.00K,1.17%
2017-09-07,127.9,126.35,128.4,125.95,0.01K,1.03%
2017-09-06,126.6,127.5,127.5,127.5,0.00K,0.08%
2017-09-05,126.5,126.5,126.5,126.5,0.01K,-0.98%
2017-09-01,127.75,128.9,128.9,128.3,0.00K,-0.31%
2017-08-31,128.15,127.5,127.5,127.5,0.01K,0.95%
2017-08-30,126.95,127.85,127.85,125.75,0.07K,-0.27%
2017-08-29,127.3,130.15,130.15,127.15,0.07K,-2.00%
2017-08-28,129.9,130.45,131,129.55,0.01K,-0.23%
2017-08-25,130.2,128,130,126.95,0.05K,2.76%
2017-08-24,126.7,126.3,127.2,125.9,0.11K,0.36%
2017-08-23,126.25,126.8,127.5,126.1,0.91K,0.32%
2017-08-22,125.85,126.5,127,125.5,6.83K,-0.44%
2017-08-21,126.4,128.45,128.95,126,11.29K,-1.29%
2017-08-18,128.05,129,129.35,126.75,6.65K,-0.31%
2017-08-17,128.45,131.35,131.5,127.5,7.94K,-1.91%
2017-08-16,130.95,132.85,133.55,130,12.34K,-0.80%
2017-08-15,132,137,137,131.55,16.66K,-3.61%
2017-08-14,136.95,139.55,139.85,136.35,21.08K,-2.39%
2017-08-11,140.3,138.5,140.8,136.85,25.76K,1.30%
2017-08-10,138.5,142.35,143.4,137.7,30.39K,-2.91%
2017-08-09,142.65,142,143.4,140.25,27.50K,-0.07%
2017-08-08,142.75,142.05,143.75,141.9,21.92K,0.49%
2017-08-07,142.05,139.7,142.8,139.5,23.80K,1.36%
2017-08-04,140.15,139.6,141.5,139.1,19.41K,-0.04%
2017-08-03,140.2,140.7,141.55,138.8,17.20K,-0.11%
2017-08-02,140.35,138,141.2,137.45,18.29K,1.81%
2017-08-01,137.85,139.25,139.55,135.75,20.53K,-1.01%
2017-07-31,139.25,137.3,139.35,137.05,16.31K,1.02%
2017-07-28,137.85,135.65,138.9,134.9,18.83K,1.40%
2017-07-27,135.95,135.1,136.65,134.1,18.31K,0.85%
2017-07-26,134.8,130.6,135.2,129.85,22.25K,3.22%
2017-07-25,130.6,133,133.2,129.35,19.42K,-1.47%
2017-07-24,132.55,135.55,135.8,132.4,24.69K,-2.93%
2017-07-21,136.55,135.05,136.85,134.8,15.85K,1.15%
2017-07-20,135,135.1,135.8,134.15,14.11K,2.90%
2017-07-19,131.2,132.3,132.3,132,0.01K,-0.53%
2017-07-18,131.9,131.9,131.9,131.9,-,0.27%
2017-07-17,131.55,131.55,131.55,131.55,-,-0.11%
2017-07-14,131.7,131.7,131.7,131.7,-,1.82%
2017-07-13,129.35,129.35,129.35,129.35,-,2.66%
2017-07-12,126,125,125.25,125,0.00K,1.25%
2017-07-11,124.45,126.85,126.85,125,0.00K,-1.43%
2017-07-10,126.25,127.7,127.75,126,0.01K,-0.24%
2017-07-07,126.55,126.55,126.55,126.55,0.03K,-0.16%
2017-07-06,126.75,126.75,126.75,126.75,-,-0.71%
2017-07-05,127.65,126.25,128.65,126.25,0.01K,1.43%
2017-07-03,125.85,125.85,125.85,125.85,0.00K,1.45%
2017-06-30,124.05,124.05,125,124,0.02K,-0.56%
2017-06-29,124.75,124.1,125.35,123.3,0.03K,1.63%
2017-06-28,122.75,123.45,123.45,121.9,0.02K,0.00%
2017-06-27,122.75,122.5,123.6,122.5,0.05K,0.66%
2017-06-26,121.95,121.6,122.95,121.6,0.04K,1.67%
2017-06-23,119.95,115.1,120.25,115.1,0.04K,5.73%
2017-06-22,113.45,119.65,119.9,113,0.35K,-4.94%
2017-06-21,119.35,121.95,122.15,119.15,5.11K,-2.13%
2017-06-20,121.95,123.7,124.05,120.8,6.96K,-1.81%
2017-06-19,124.2,123.8,124.55,123.2,13.68K,0.53%
2017-06-16,123.55,126.05,127.1,123,11.63K,-1.79%
2017-06-15,125.8,126.25,127.65,125.6,16.56K,0.20%
2017-06-14,125.55,126.5,127.9,125.3,26.16K,-0.67%
2017-06-13,126.4,127.5,128.2,125.75,21.45K,-0.94%
2017-06-12,127.6,127.55,129.1,126.75,36.63K,0.83%
2017-06-09,126.55,126.5,128.75,126.4,30.11K,0.16%
2017-06-08,126.35,126.15,126.75,125.35,18.54K,0.48%
2017-06-07,125.75,126.05,126.8,125.45,20.00K,0.16%
2017-06-06,125.55,129.2,129.6,125.45,19.62K,-2.26%
2017-06-05,128.45,126.05,129.45,125.7,18.09K,2.31%
2017-06-02,125.55,128,128.15,125.25,22.41K,-1.68%
2017-06-01,127.7,129.5,130,127.5,18.10K,-1.28%
2017-05-31,129.35,132.1,133.4,128.3,24.55K,-2.08%
2017-05-30,132.1,130.65,132.75,130.5,13.11K,0.69%
2017-05-26,131.2,129.5,132.2,128.6,17.48K,1.47%
2017-05-25,129.3,128.55,130,127.15,20.47K,0.58%
2017-05-24,128.55,130.4,130.7,128,12.88K,-1.31%
2017-05-23,130.25,130.6,131.7,129.9,9.20K,-0.27%
2017-05-22,130.6,132.1,133,129.55,12.04K,-1.14%
2017-05-19,132.1,128.95,133.4,128.95,17.92K,3.69%
2017-05-18,127.4,129.2,129.2,127.7,0.00K,-3.63%
2017-05-17,132.2,132.2,132.2,132.2,-,2.28%
2017-05-16,129.25,129.25,129.25,129.25,0.00K,-1.52%
2017-05-15,131.25,131.25,131.25,131.25,-,-1.02%
2017-05-12,132.6,132.6,132.6,132.6,-,0.53%
2017-05-11,131.9,131.9,131.9,131.9,-,-1.79%
2017-05-10,134.3,134.3,134.3,134.3,-,1.13%
2017-05-09,132.8,132.8,132.8,132.8,0.00K,-1.30%
